,Unnamed: 0.1,Unnamed: 0,match_id,player1,player2,elapsed_time,set_no,game_no,point_no,p1_sets,p2_sets,p1_games,p2_games,p1_score,p2_score,server,serve_no,point_victor,p1_points_won,p2_points_won,game_victor,set_victor,p1_ace,p2_ace,p1_winner,p2_winner,winner_shot_type,p1_double_fault,p2_double_fault,p1_unf_err,p2_unf_err,p1_net_pt,p2_net_pt,p1_net_pt_won,p2_net_pt_won,p1_break_pt,p2_break_pt,p1_break_pt_won,p2_break_pt_won,p1_break_pt_missed,p2_break_pt_missed,p1_distance_run,p2_distance_run,rally_count,speed_mph,serve_width,serve_depth,return_depth,P1S,P2S,SGA,SGA1,RE,RE1,Unf_err_cnt,Unf_err_cnt1,STB,LTB,STH,LTH,STB1,LTB1,STH1,LTH1,Net-cnt,Net-sc-rate,Net-cnt1,Net-sc-rate1,BTS,BTS1,SD,SD1,SW,SW1,p1_momentum,p2_momentum
0,1595,1972,2023-wimbledon-1309,Jannik Sinner,Quentin Halys,00:00:00,1,1,1,0,0,0.0,0.0,0,0,2,2,1,1,0,0,0,0,0,1,0,F,0,0,0,0,0,0,0,0,0,0,0,0,0,0,0.1299665171006791,17.9,8,0.463768115942029,B,NCTL,ND,0.0666666666666666,0.0,0.5454545454545455,0.4545454545454545,0.0844392661560421,0.0,1.0,0.711051930758988,0.0,0.0,0.0,0.0,0.0,0.2807017543859649,0.4,0.2934131736526946,0.0,0.0,0.3176312247644683,0.972457627118644,0.0,1.0,0.9999999999999998,0.0,0.0,0.0,0.1915359212063862,0.8820828335976068
1,1596,1973,2023-wimbledon-1309,Jannik Sinner,Quentin Halys,00:00:41,1,1,2,0,0,0.0,0.0,15,0,2,2,2,1,1,0,0,0,0,0,0,0,0,0,0,0,0,0,0,0,0,0,0,0,0,0,0.058703520448969,12.162,1,0.5507246376811594,B,CTL,ND,0.0666666666666666,0.0714285714285714,0.4545454545454546,0.5454545454545454,0.0645189551101128,0.0848712960795929,1.0,0.711051930758988,0.0,0.0,0.0,0.0,0.0,0.2807017543859649,0.4,0.2934131736526946,0.0,0.0,0.3176312247644683,0.972457627118644,0.0,1.0,0.0,0.9999999999999998,0.0,0.0,0.043606643606989764,0.7519598759278969
2,1597,1974,2023-wimbledon-1309,Jannik Sinner,Quentin Halys,00:01:15,1,1,3,0,0,0.0,0.0,15,15,2,1,2,1,2,0,0,0,0,0,0,0,0,0,0,0,0,0,0,0,0,0,0,0,0,0,0.0308598462768913,3.814,1,0.5652173913043479,W,NCTL,ND,0.0666666666666666,0.1428571428571428,0.3636363636363636,0.6363636363636364,0.0219772161357403,0.058884522845674,1.0,0.711051930758988,0.0,0.0,0.0,0.0,0.0,0.2807017543859649,0.4,0.2934131736526946,0.0,0.0,0.3176312247644683,0.972457627118644,0.0,1.0,0.9999999999999998,0.0,1.0,1.0,0.47538576603456073,1.193797275394693
3,1598,1976,2023-wimbledon-1309,Jannik Sinner,Quentin Halys,00:02:06,1,1,5,0,0,0.0,0.0,30,30,2,1,2,2,3,0,0,0,0,0,1,F,0,0,0,0,0,0,0,0,0,0,0,0,0,0,0.1510729439195325,15.725,5,0.5217391304347827,W,CTL,ND,0.0666666666666666,0.2142857142857142,0.2727272727272727,0.7272727272727273,0.0710083798384141,0.2958857212992541,1.0,0.711051930758988,0.0,0.0,0.0,0.0,0.0,0.2807017543859649,0.4,0.2934131736526946,0.0,0.0,0.3176312247644683,0.972457627118644,0.0,1.0,0.0,0.9999999999999998,1.0,1.0,0.3298741804912164,1.0733958918722646
4,1599,1977,2023-wimbledon-1309,Jannik Sinner,Quentin Halys,00:02:38,1,1,6,0,0,0.0,0.0,30,40,2,2,2,2,4,2,0,0,0,0,0,0,0,0,1,0,0,0,0,0,0,0,0,0,0,0,0.0912239558622185,17.28,5,0.4492753623188406,W,NCTL,ND,0.0666666666666666,0.2857142857142857,0.1818181818181818,0.8181818181818181,0.0359005895346844,0.2064144284002254,0.8571428571428572,0.711051930758988,0.0,0.0,0.0,0.0,0.0,0.2807017543859649,0.6000000000000001,0.2964071856287425,0.0,0.0,0.3176312247644683,0.972457627118644,0.0,1.0,0.9999999999999998,0.0,1.0,1.0,0.4646175544077668,1.2249860403254034
5,1600,1978,2023-wimbledon-1309,Jannik Sinner,Quentin Halys,00:03:55,1,2,7,0,0,0.0,0.1666666666666666,0,0,1,2,1,3,4,0,0,0,0,0,0,0,0,0,0,0,0,0,0,0,0,0,0,0,0,0,0.0132508235166533,4.047,1,0.4782608695652175,B,CTL,ND,0.0666666666666666,0.0,0.5454545454545455,0.4545454545454545,0.0096007342559019,0.0,1.0,0.711051930758988,0.0,0.0,0.0,0.0,0.0,0.2807017543859649,0.6000000000000001,0.2964071856287425,0.0,0.0,0.3176312247644683,0.972457627118644,1.0,0.0,0.0,0.9999999999999998,0.0,0.0,0.6660533295515608,0.17306586301236404
6,1601,1980,2023-wimbledon-1309,Jannik Sinner,Quentin Halys,00:05:00,1,2,9,0,0,0.0,0.1666666666666666,15,15,1,1,1,4,5,0,0,0,0,0,0,0,0,0,0,0,0,0,0,0,0,0,0,0,0,0,0.0176158006750802,4.622,1,0.6231884057971016,W,NCTL,D,0.1333333333333333,0.0,0.6363636363636365,0.3636363636363636,0.0127085818459362,0.0,1.0,0.711051930758988,0.0,0.0,0.0,0.0,0.0,0.2807017543859649,0.6000000000000001,0.2964071856287425,0.0,0.0,0.3176312247644683,0.972457627118644,1.0,0.0,0.9999999999999998,0.0,1.0,1.0,1.1140824461806726,0.6122174915188173
7,1602,1981,2023-wimbledon-1309,Jannik Sinner,Quentin Halys,00:05:29,1,2,10,0,0,0.0,0.1666666666666666,30,15,1,2,1,5,5,0,0,0,0,0,0,0,0,0,0,0,0,0,0,0,0,0,0,0,0,0,0.0463677154360232,6.339,1,0.3913043478260869,B,NCTL,ND,0.2,0.0,0.7272727272727273,0.2727272727272727,0.0325319361589429,0.0,1.0,0.711051930758988,0.0,0.0,0.0,0.0,0.0,0.2807017543859649,0.6000000000000001,0.2964071856287425,0.0,0.0,0.3176312247644683,0.972457627118644,1.0,0.0,0.9999999999999998,0.0,0.0,0.0,0.8185492872160817,0.3063390589289418
8,1603,1982,2023-wimbledon-1309,Jannik Sinner,Quentin Halys,00:06:04,1,2,11,0,0,0.0,0.1666666666666666,40,15,1,1,2,5,6,0,0,0,0,0,0,0,0,0,1,0,0,0,0,0,0,0,0,0,0,0,0.0558974637042659,6.075,2,0.8260869565217392,C,NCTL,ND,0.2,0.0714285714285714,0.6363636363636365,0.3636363636363636,0.1091053941183477,0.0544475534113396,0.8571428571428572,0.711051930758988,0.0,0.0,0.0,0.0,0.0,0.2807017543859649,0.6000000000000001,0.2964071856287425,0.0,0.0,0.3176312247644683,0.972457627118644,1.0,0.0,0.9999999999999998,0.0,0.0,0.0,0.8329405632806611,0.3275454625885914
9,1604,1983,2023-wimbledon-1309,Jannik Sinner,Quentin Halys,00:06:34,1,2,12,0,0,0.0,0.1666666666666666,40,30,1,1,2,5,7,0,0,0,0,0,1,F,0,0,0,0,0,0,0,0,0,0,0,0,0,0,0.1024888503300844,15.275,6,0.7101449275362319,C,NCTL,D,0.2,0.1428571428571428,0.5454545454545455,0.4545454545454545,0.1364931810715156,0.1223319674334105,0.8571428571428572,0.711051930758988,0.0,0.0,0.0,0.0,0.0,0.2807017543859649,0.4,0.2964071856287425,0.0,0.0,0.3176312247644683,0.972457627118644,1.0,0.0,0.9999999999999998,0.0,0.0,0.0,0.8278103640850413,0.3217593553472325
10,1605,1984,2023-wimbledon-1309,Jannik Sinner,Quentin Halys,00:07:07,1,2,13,0,0,0.0,0.1666666666666666,40,40,1,2,1,6,7,0,0,0,0,0,0,0,0,0,0,0,0,0,0,0,0,0,0,0,0,0,0.0553348967723568,9.646,1,0.536231884057971,B,NCTL,D,0.2666666666666666,0.1428571428571428,0.6363636363636365,0.3636363636363636,0.1278726239289123,0.031047426137294,0.8571428571428572,0.711051930758988,0.0,0.0,0.0,0.0,0.0,0.2807017543859649,0.4,0.2964071856287425,0.0,0.0,0.3176312247644683,0.972457627118644,1.0,0.0,0.9999999999999998,0.0,0.0,0.0,0.8265064569176217,0.30459215066303624
11,1606,1986,2023-wimbledon-1309,Jannik Sinner,Quentin Halys,00:08:25,1,2,15,0,0,0.0,0.1666666666666666,40,40,1,1,1,7,8,0,0,0,0,0,0,0,0,0,0,0,0,0,0,0,0,0,0,0,0,0,0.0105667692391113,3.626,1,0.6956521739130435,BW,NCTL,D,0.3333333333333333,0.1428571428571428,0.7272727272727273,0.2727272727272727,0.0275194894043545,0.0052503502462195,0.8571428571428572,0.711051930758988,0.0,0.0,0.0,0.0,0.0,0.2807017543859649,0.4,0.2964071856287425,0.0,0.0,0.3176312247644683,0.972457627118644,1.0,0.0,0.9999999999999998,0.0,0.75,0.75,1.047774762397086,0.5238026210235701
12,1607,1987,2023-wimbledon-1309,Jannik Sinner,Quentin Halys,00:08:50,1,2,16,0,0,0.0,0.1666666666666666,AD,40,1,1,1,8,8,1,0,0,0,0,0,0,0,0,0,1,0,0,0,0,0,0,0,0,0,0,0.0796337214819233,10.356,3,0.7536231884057971,C,NCTL,ND,0.4,0.1428571428571428,0.8181818181818182,0.1818181818181817,0.2061685796585813,0.0321873024960265,0.8571428571428572,0.7097203728362184,0.0,0.0,0.5,0.0416666666666666,0.0,0.2807017543859649,0.4,0.2964071856287425,0.0,0.0,0.3176312247644683,0.972457627118644,1.0,0.0,0.9999999999999998,0.0,0.0,0.0,0.8807281270981175,0.3021477644200745
13,1608,1988,2023-wimbledon-1309,Jannik Sinner,Quentin Halys,00:09:28,1,3,17,0,0,0.1666666666666666,0.1666666666666666,0,0,2,1,1,9,8,0,0,0,0,1,0,F,0,0,0,0,1,0,1,0,0,0,0,0,0,0,0.1976033293117704,24.571,6,0.8260869565217392,BC,NCTL,ND,0.0666666666666666,0.0,0.5454545454545455,0.4545454545454545,0.1211322564176187,0.0,1.0,0.7097203728362184,0.0,0.0,0.5,0.0416666666666666,0.0,0.2807017543859649,0.4,0.2964071856287425,0.0204081632653061,1.0,0.3176312247644683,0.972457627118644,0.0,1.0,0.9999999999999998,0.0,0.25,0.25,0.37939461527811325,1.0130136871985587
14,1609,1990,2023-wimbledon-1309,Jannik Sinner,Quentin Halys,00:11:09,1,3,19,0,0,0.1666666666666666,0.1666666666666666,30,0,2,2,2,10,9,0,0,0,0,0,0,0,0,0,0,0,0,0,0,0,0,0,0,0,0,0,0.0817416529978716,9.795,3,0.6086956521739131,BW,NCTL,ND,0.0666666666666666,0.0714285714285714,0.4545454545454546,0.5454545454545454,0.0879260167373394,0.1156620560094022,1.0,0.7097203728362184,0.0,0.0,0.5,0.0416666666666666,0.0,0.2807017543859649,0.4,0.2964071856287425,0.0204081632653061,1.0,0.3176312247644683,0.972457627118644,0.0,1.0,0.9999999999999998,0.0,0.75,0.75,0.5136701951754611,1.1689659527614582
15,1610,1992,2023-wimbledon-1309,Jannik Sinner,Quentin Halys,00:12:06,1,3,21,0,0,0.1666666666666666,0.1666666666666666,30,30,2,2,1,11,10,0,0,0,0,0,0,0,0,0,0,1,0,0,0,0,0,0,0,0,0,0,0.0442936734942862,4.974,2,0.4782608695652175,C,NCTL,ND,0.1333333333333333,0.0714285714285714,0.5454545454545455,0.4545454545454545,0.1034398364059259,0.0251151542980157,1.0,0.7083888149134487,0.0,0.0,0.5,0.0416666666666666,0.0,0.2807017543859649,0.4,0.2964071856287425,0.0204081632653061,1.0,0.3176312247644683,0.972457627118644,0.0,1.0,0.9999999999999998,0.0,0.0,0.0,0.29436495934783147,0.9317415263952689
16,1611,1993,2023-wimbledon-1309,Jannik Sinner,Quentin Halys,00:13:26,1,3,22,0,0,0.1666666666666666,0.1666666666666666,40,30,2,1,2,11,11,0,0,0,0,0,0,0,0,0,0,0,0,0,0,0,1,0,0,0,1,0,0.0214114329867559,3.399,1,0.8260869565217392,W,NCTL,D,0.1333333333333333,0.1428571428571428,0.4545454545454546,0.5454545454545454,0.0243917272524183,0.032086035832409,1.0,0.7083888149134487,0.0,0.0,0.5,0.0416666666666666,0.0,0.2807017543859649,0.4,0.2964071856287425,0.0204081632653061,1.0,0.3176312247644683,0.972457627118644,0.0,1.0,0.9999999999999998,0.0,1.0,1.0,0.5879304250385474,1.241464892095764
17,1612,1995,2023-wimbledon-1309,Jannik Sinner,Quentin Halys,00:14:09,1,3,24,0,0,0.1666666666666666,0.1666666666666666,40,AD,2,1,1,12,12,0,0,0,0,1,0,B,0,0,0,0,1,0,1,0,0,0,0,0,0,0,0.2333636080196288,29.714,8,0.8405797101449275,BW,NCTL,ND,0.2,0.1428571428571428,0.5454545454545455,0.4545454545454545,0.4167175585417649,0.1369523368836288,1.0,0.7083888149134487,0.0,0.0,0.0,0.0416666666666666,0.0,0.2807017543859649,0.4,0.2964071856287425,0.0408163265306122,1.0,0.3176312247644683,0.972457627118644,0.0,1.0,0.9999999999999998,0.0,0.75,0.75,0.5223124869662383,1.1729973667197384
18,1613,1996,2023-wimbledon-1309,Jannik Sinner,Quentin Halys,00:14:53,1,3,25,0,0,0.1666666666666666,0.1666666666666666,40,40,2,1,2,12,13,0,0,0,0,0,1,0,0,0,0,0,0,0,0,0,0,0,0,0,0,0,0.051898493947322,3.993,1,0.7101449275362319,C,CTL,D,0.2,0.2142857142857142,0.4545454545454546,0.5454545454545454,0.0574087985078452,0.0755182585864494,1.0,0.7083888149134487,0.0,0.0,0.0,0.0416666666666666,0.0,0.2807017543859649,0.4,0.2964071856287425,0.0408163265306122,1.0,0.3176312247644683,0.972457627118644,0.0,1.0,0.0,0.9999999999999998,0.0,0.0,0.11718716176410363,0.8026329499269355
19,1614,1997,2023-wimbledon-1309,Jannik Sinner,Quentin Halys,00:15:13,1,3,26,0,0,0.1666666666666666,0.1666666666666666,40,AD,2,1,2,12,14,2,0,0,0,0,1,F,0,0,0,0,0,0,0,0,0,0,0,0,0,0,0.0936572272905963,7.421,3,0.7536231884057971,BW,CTL,ND,0.2,0.2857142857142857,0.3636363636363636,0.6363636363636364,0.0831086918039089,0.145758709287439,1.0,0.7083888149134487,0.0,0.0,0.0,0.0416666666666666,0.0,0.2807017543859649,0.6000000000000001,0.2994011976047904,0.0408163265306122,1.0,0.3176312247644683,0.972457627118644,0.0,1.0,0.0,0.9999999999999998,0.75,0.75,0.33768674999320863,1.0485106491026768
20,1615,1998,2023-wimbledon-1309,Jannik Sinner,Quentin Halys,00:16:58,1,4,27,0,0,0.1666666666666666,0.3333333333333333,0,0,1,1,2,12,15,0,0,0,0,0,0,0,0,0,0,0,0,0,0,0,0,0,0,0,0,0,0.1080670742452791,19.541,4,0.6376811594202898,W,CTL,D,0.0,0.0714285714285714,0.3636363636363636,0.6363636363636364,0.0,0.0577489565139661,1.0,0.7083888149134487,0.0,0.0,0.0,0.0416666666666666,0.0,0.2807017543859649,0.6000000000000001,0.2994011976047904,0.0408163265306122,1.0,0.3176312247644683,0.972457627118644,1.0,0.0,0.0,0.9999999999999998,1.0,1.0,1.025921057600517,0.533346234756707
21,1616,1999,2023-wimbledon-1309,Jannik Sinner,Quentin Halys,00:17:28,1,4,28,0,0,0.1666666666666666,0.3333333333333333,0,15,1,1,1,13,15,0,0,0,0,0,0,0,0,0,0,1,0,0,0,0,0,0,0,0,0,0,0.0750111835594897,13.994,5,0.6956521739130435,C,NCTL,D,0.0666666666666666,0.0714285714285714,0.4545454545454546,0.5454545454545454,0.1324176350911196,0.0654860544469252,1.0,0.707057256990679,0.0,0.0,0.0,0.0416666666666666,0.0,0.2807017543859649,0.6000000000000001,0.2994011976047904,0.0408163265306122,1.0,0.3176312247644683,0.972457627118644,1.0,0.0,0.9999999999999998,0.0,0.0,0.0,0.8926592350581356,0.38053021915303487
22,1617,2000,2023-wimbledon-1309,Jannik Sinner,Quentin Halys,00:18:02,1,4,29,0,0,0.1666666666666666,0.3333333333333333,15,15,1,1,2,13,16,0,0,0,0,0,1,F,0,0,0,0,0,0,0,0,0,0,0,0,0,0,0.0624923748458024,9.478,4,0.7536231884057971,BC,NCTL,ND,0.0666666666666666,0.1428571428571428,0.3636363636363636,0.6363636363636364,0.0431797130129423,0.1156933062711855,1.0,0.707057256990679,0.0,0.0,0.0,0.0416666666666666,0.0,0.2807017543859649,0.6000000000000001,0.2994011976047904,0.0408163265306122,1.0,0.3176312247644683,0.972457627118644,1.0,0.0,0.9999999999999998,0.0,0.25,0.25,0.9559150101644274,0.46463523737240237
23,1618,2002,2023-wimbledon-1309,Jannik Sinner,Quentin Halys,00:19:06,1,4,31,0,0,0.1666666666666666,0.3333333333333333,30,30,1,2,2,14,17,0,0,0,0,0,0,0,0,0,1,0,0,0,0,0,0,0,0,0,0,0,0.0290840325882145,6.856,2,0.3913043478260869,BW,NCTL,ND,0.0666666666666666,0.2142857142857142,0.2727272727272727,0.7272727272727273,0.015290776493203,0.0637153310949012,0.8571428571428572,0.707057256990679,0.0,0.0,0.0,0.0416666666666666,0.0,0.2807017543859649,0.6000000000000001,0.2994011976047904,0.0408163265306122,1.0,0.3176312247644683,0.972457627118644,1.0,0.0,0.9999999999999998,0.0,0.75,0.75,1.08646306430706,0.6018260366731326
24,1619,2003,2023-wimbledon-1309,Jannik Sinner,Quentin Halys,00:20:00,1,4,32,0,0,0.1666666666666666,0.3333333333333333,30,40,1,1,2,14,18,2,0,0,0,0,0,0,0,0,0,0,0,0,0,0,0,1,0,1,0,0,0.0424500806571866,10.013,2,0.7246376811594204,W,CTL,ND,0.0666666666666666,0.2857142857142857,0.1818181818181818,0.8181818181818181,0.0174875843862737,0.1005468094529756,0.8571428571428572,0.707057256990679,0.0,0.0,0.0,0.0416666666666666,0.5,0.2982456140350877,0.4,0.2994011976047904,0.0408163265306122,1.0,0.3176312247644683,0.972457627118644,1.0,0.0,0.0,0.9999999999999998,1.0,1.0,1.021123255969372,0.6140460550223833
25,1620,2004,2023-wimbledon-1309,Jannik Sinner,Quentin Halys,00:20:37,1,5,33,0,0,0.1666666666666666,0.5,0,0,2,2,1,15,18,0,0,0,0,0,0,0,0,0,0,1,0,0,0,0,0,0,0,0,0,0,0.0462931583727581,5.952,2,0.536231884057971,BW,NCTL,ND,0.0666666666666666,0.0,0.5454545454545455,0.4545454545454545,0.0324819408080777,0.0,1.0,0.7057256990679095,0.0,0.0,0.0,0.0416666666666666,0.5,0.2982456140350877,0.4,0.2994011976047904,0.0408163265306122,1.0,0.3176312247644683,0.972457627118644,0.0,1.0,0.9999999999999998,0.0,0.75,0.75,0.4800866736655621,1.3252713235206854
26,1621,2005,2023-wimbledon-1309,Jannik Sinner,Quentin Halys,00:21:26,1,5,34,0,0,0.1666666666666666,0.5,15,0,2,2,2,15,19,0,0,0,0,0,0,0,0,0,1,0,0,0,0,0,0,0,0,0,0,0,0.0715408911602434,9.128,3,0.6666666666666667,BC,NCTL,ND,0.0666666666666666,0.0714285714285714,0.4545454545454546,0.5454545454545454,0.0776860665903469,0.1021919395253016,0.8571428571428572,0.7057256990679095,0.0,0.0,0.0,0.0416666666666666,0.5,0.2982456140350877,0.4,0.2994011976047904,0.0408163265306122,1.0,0.3176312247644683,0.972457627118644,0.0,1.0,0.9999999999999998,0.0,0.25,0.25,0.3356820107923137,1.1946287489713072
27,1622,2006,2023-wimbledon-1309,Jannik Sinner,Quentin Halys,00:22:00,1,5,35,0,0,0.1666666666666666,0.5,15,15,2,1,2,15,20,0,0,0,0,0,0,0,0,0,0,0,0,0,0,0,0,0,0,0,0,0,0.1006520354078271,9.376,3,0.5797101449275364,W,NCTL,ND,0.0666666666666666,0.1428571428571428,0.3636363636363636,0.6363636363636364,0.067135320264634,0.1798786195420609,0.8571428571428572,0.7057256990679095,0.0,0.0,0.0,0.0416666666666666,0.5,0.2982456140350877,0.4,0.2994011976047904,0.0408163265306122,1.0,0.3176312247644683,0.972457627118644,0.0,1.0,0.9999999999999998,0.0,1.0,1.0,0.5493615131938846,1.4246609518003923
28,1623,2008,2023-wimbledon-1309,Jannik Sinner,Quentin Halys,00:22:47,1,5,37,0,0,0.1666666666666666,0.5,15,40,2,1,2,15,22,2,0,0,0,0,0,0,0,0,0,0,0,0,0,0,0,0,0,0,0,0,0.0221298919600373,2.883,1,0.5217391304347827,W,NCTL,D,0.0666666666666666,0.2142857142857142,0.2727272727272727,0.7272727272727273,0.0117138312067943,0.0488105122759756,0.8571428571428572,0.7057256990679095,0.0,0.0,0.0,0.0416666666666666,0.5,0.2982456140350877,0.6000000000000001,0.3023952095808383,0.0408163265306122,1.0,0.3176312247644683,0.972457627118644,0.0,1.0,0.9999999999999998,0.0,1.0,1.0,0.5385762576977366,1.4287001939569386
29,1624,2009,2023-wimbledon-1309,Jannik Sinner,Quentin Halys,00:24:40,1,6,38,0,0,0.1666666666666666,0.6666666666666666,0,0,1,1,1,16,22,0,0,0,0,0,0,0,0,0,0,0,0,0,0,0,0,0,0,0,0,0,0.0090349604847564,2.262,1,0.6521739130434783,BW,NCTL,D,0.0666666666666666,0.0,0.5454545454545455,0.4545454545454545,0.0065735290746483,0.0,1.0,0.7057256990679095,0.0,0.0,0.0,0.0416666666666666,0.0,0.2982456140350877,0.6000000000000001,0.3023952095808383,0.0408163265306122,1.0,0.3176312247644683,0.972457627118644,1.0,0.0,0.9999999999999998,0.0,0.75,0.75,1.106031745824541,0.6853876856126359
30,1625,2010,2023-wimbledon-1309,Jannik Sinner,Quentin Halys,00:25:01,1,6,39,0,0,0.1666666666666666,0.6666666666666666,15,0,1,1,1,17,22,0,0,0,0,1,0,F,0,0,0,0,1,0,1,0,0,0,0,0,0,0,0.0526101750057612,9.634,3,0.6811594202898552,W,CTL,ND,0.1333333333333333,0.0,0.6363636363636365,0.3636363636363636,0.0366927892988391,0.0,1.0,0.7057256990679095,0.0,0.0,0.0,0.0416666666666666,0.0,0.2982456140350877,0.6000000000000001,0.3023952095808383,0.0612244897959183,1.0,0.3176312247644683,0.972457627118644,1.0,0.0,0.0,0.9999999999999998,1.0,1.0,1.0443067114894624,0.6113688200384342
31,1626,2012,2023-wimbledon-1309,Jannik Sinner,Quentin Halys,00:25:46,1,6,41,0,0,0.1666666666666666,0.6666666666666666,40,0,1,2,1,19,22,1,0,0,0,0,0,0,0,0,0,0,0,0,0,0,0,0,0,0,0,0,0.0245428296438883,3.93,1,0.3913043478260869,B,NCTL,ND,0.2,0.0,0.7272727272727273,0.2727272727272727,0.0175862425647994,0.0,1.0,0.7057256990679095,0.0,0.0,0.5,0.0833333333333333,0.0,0.2982456140350877,0.6000000000000001,0.3023952095808383,0.0612244897959183,1.0,0.3176312247644683,0.972457627118644,1.0,0.0,0.9999999999999998,0.0,0.0,0.0,0.9207215035435138,0.44817637730365106
32,1627,2013,2023-wimbledon-1309,Jannik Sinner,Quentin Halys,00:26:30,1,7,42,0,0,0.3333333333333333,0.6666666666666666,0,0,2,1,2,19,23,0,0,0,0,0,1,F,0,0,0,0,0,0,0,0,0,0,0,0,0,0,0.0990863370792609,12.774,5,0.5507246376811594,W,CTL,ND,0.0,0.0714285714285714,0.3636363636363636,0.6363636363636364,0.0,0.0533824820497735,1.0,0.7057256990679095,0.0,0.0,0.5,0.0833333333333333,0.0,0.2982456140350877,0.6000000000000001,0.3023952095808383,0.0612244897959183,1.0,0.3176312247644683,0.972457627118644,0.0,1.0,0.0,0.9999999999999998,1.0,1.0,0.47924020901947506,1.2503135482963983
33,1628,2014,2023-wimbledon-1309,Jannik Sinner,Quentin Halys,00:26:56,1,7,43,0,0,0.3333333333333333,0.6666666666666666,0,15,2,1,2,19,24,0,0,0,0,0,1,F,0,0,0,0,1,0,0,0,0,0,0,0,0,0,0.1436985725711341,14.59,5,0.7681159420289856,C,NCTL,D,0.0,0.1428571428571428,0.2727272727272727,0.7272727272727273,0.0,0.0743973853274762,1.0,0.7057256990679095,0.0,0.0,0.5,0.0833333333333333,0.0,0.2982456140350877,0.4,0.3023952095808383,0.0816326530612244,0.75,0.3176312247644683,0.972457627118644,0.0,1.0,0.9999999999999998,0.0,0.0,0.0,0.3262294685928409,1.0988981042599877
34,1629,2015,2023-wimbledon-1309,Jannik Sinner,Quentin Halys,00:27:24,1,7,44,0,0,0.3333333333333333,0.6666666666666666,0,30,2,1,1,20,24,0,0,0,0,0,0,0,0,0,0,0,0,0,0,0,0,0,0,0,0,0,0.0405319307568219,5.236,2,0.8405797101449275,C,CTL,ND,0.0666666666666666,0.1428571428571428,0.3636363636363636,0.6363636363636364,0.0571939932992054,0.0535559150752324,1.0,0.7057256990679095,0.0,0.0,0.5,0.0833333333333333,0.0,0.2982456140350877,0.4,0.3023952095808383,0.0816326530612244,0.75,0.3176312247644683,0.972457627118644,0.0,1.0,0.0,0.9999999999999998,0.0,0.0,0.19327206950544285,0.9504838371796622
35,1630,2016,2023-wimbledon-1309,Jannik Sinner,Quentin Halys,00:27:46,1,7,45,0,0,0.3333333333333333,0.6666666666666666,15,30,2,2,2,20,25,0,0,0,0,0,1,B,0,0,0,0,0,0,0,0,0,0,0,0,0,0,0.1273909094606135,14.564,5,0.3913043478260869,BW,NCTL,ND,0.0666666666666666,0.2142857142857142,0.2727272727272727,0.7272727272727273,0.0611349648430825,0.2547440627481295,1.0,0.7057256990679095,0.0,0.0,0.5,0.0833333333333333,0.0,0.2982456140350877,0.4,0.3023952095808383,0.0816326530612244,0.75,0.3176312247644683,0.972457627118644,0.0,1.0,0.9999999999999998,0.0,0.75,0.75,0.5424239208351661,1.3255605145704978
36,1631,2019,2023-wimbledon-1309,Jannik Sinner,Quentin Halys,00:30:57,1,8,48,0,0,0.3333333333333333,0.8333333333333333,15,0,1,2,1,22,26,0,0,0,0,0,0,0,0,0,0,0,0,0,0,0,0,0,0,0,0,0,0.0102549851563665,3.549,1,0.4057971014492754,B,NCTL,ND,0.0666666666666666,0.0,0.5454545454545455,0.4545454545454545,0.0074521669929995,0.0,1.0,0.7057256990679095,0.0,0.0,0.0,0.0833333333333333,0.0,0.2982456140350877,0.4,0.3023952095808383,0.0816326530612244,0.75,0.3176312247644683,0.972457627118644,1.0,0.0,0.9999999999999998,0.0,0.0,0.0,0.9226341772315074,0.49137473721906183
37,1632,2020,2023-wimbledon-1309,Jannik Sinner,Quentin Halys,00:31:28,1,8,49,0,0,0.3333333333333333,0.8333333333333333,30,0,1,1,1,23,26,0,0,0,0,0,0,0,0,0,0,1,0,1,0,0,0,0,0,0,0,0,0.0634616166682482,14.44,3,0.6231884057971016,BW,NCTL,D,0.1333333333333333,0.0,0.6363636363636365,0.3636363636363636,0.0438094555773647,0.0,1.0,0.7043941411451398,0.0,0.0,0.0,0.0833333333333333,0.0,0.2982456140350877,0.4,0.3023952095808383,0.0816326530612244,0.75,0.3189771197846568,0.9683544303797468,1.0,0.0,0.9999999999999998,0.0,0.75,0.75,1.1575234099177918,0.7144521382613411
38,1633,2022,2023-wimbledon-1309,Jannik Sinner,Quentin Halys,00:32:23,1,8,51,0,0,0.3333333333333333,0.8333333333333333,40,15,1,1,1,24,27,1,0,0,0,0,0,0,0,0,0,0,0,0,0,0,0,0,0,0,0,0,0.0415350621534791,7.914,1,0.7681159420289856,C,NCTL,D,0.2,0.0,0.7272727272727273,0.2727272727272727,0.0292765241876214,0.0,1.0,0.7043941411451398,0.0,0.0,0.5,0.125,0.0,0.2982456140350877,0.4,0.3023952095808383,0.0816326530612244,0.75,0.3189771197846568,0.9683544303797468,1.0,0.0,0.9999999999999998,0.0,0.0,0.0,0.9759381136041069,0.4928579988553346
39,1634,2023,2023-wimbledon-1309,Jannik Sinner,Quentin Halys,00:33:07,1,9,52,0,0,0.5,0.8333333333333333,0,0,2,2,2,24,28,0,0,0,0,0,1,F,0,0,0,0,0,1,0,1,0,0,0,0,0,0,0.1193387466279873,17.164,7,0.4782608695652175,BC,NCTL,ND,0.0,0.0714285714285714,0.3636363636363636,0.6363636363636364,0.0,0.063130137107965,1.0,0.7043941411451398,0.0,0.0,0.5,0.125,0.0,0.2982456140350877,0.4,0.3023952095808383,0.0816326530612244,0.75,0.3203230148048452,0.9705882352941178,0.0,1.0,0.9999999999999998,0.0,0.25,0.25,0.44387264382697494,1.206407070773811
40,1635,2025,2023-wimbledon-1309,Jannik Sinner,Quentin Halys,00:34:22,1,9,54,0,0,0.5,0.8333333333333333,0,30,2,2,2,24,30,0,0,0,0,0,0,0,0,0,0,0,0,0,0,0,0,0,0,0,0,0,0.0456628122924263,7.448,3,0.463768115942029,BC,NCTL,ND,0.0,0.1428571428571428,0.2727272727272727,0.7272727272727273,0.0,0.0258575748146769,1.0,0.7043941411451398,0.0,0.0,0.5,0.125,0.0,0.2982456140350877,0.4,0.3023952095808383,0.0816326530612244,0.75,0.3203230148048452,0.9705882352941178,0.0,1.0,0.9999999999999998,0.0,0.25,0.25,0.4391662468577176,1.207032365727366
41,1636,2031,2023-wimbledon-1309,Jannik Sinner,Quentin Halys,00:38:44,2,1,60,0,1,0.0,0.0,30,15,1,2,2,27,33,0,0,0,0,0,0,0,0,0,1,0,0,0,0,0,0,0,0,0,0,0,0.0390272336618363,8.672,2,0.3478260869565217,B,NCTL,ND,0.0,0.0714285714285714,0.3636363636363636,0.6363636363636364,0.0,0.0222411702937779,0.8571428571428572,0.7043941411451398,0.0,0.0,0.5,0.125,0.0,0.2982456140350877,0.4,0.3023952095808383,0.0816326530612244,0.75,0.3203230148048452,0.9705882352941178,1.0,0.0,0.9999999999999998,0.0,0.0,0.0,0.8502734495218022,0.2653839742547135
42,1637,2032,2023-wimbledon-1309,Jannik Sinner,Quentin Halys,00:39:21,2,1,61,0,1,0.0,0.0,30,30,1,1,1,28,33,0,0,0,0,0,0,0,0,0,0,0,0,0,0,0,0,0,0,0,0,0,0.0363364014694519,7.639,1,0.6666666666666667,W,CTL,D,0.0666666666666666,0.0714285714285714,0.4545454545454546,0.5454545454545454,0.0665386451942903,0.0329061407796593,0.8571428571428572,0.7043941411451398,0.0,0.0,0.5,0.125,0.0,0.2982456140350877,0.4,0.3023952095808383,0.0816326530612244,0.75,0.3203230148048452,0.9705882352941178,1.0,0.0,0.0,0.9999999999999998,1.0,1.0,1.0201168435094454,0.42171652276105065
43,1638,2034,2023-wimbledon-1309,Jannik Sinner,Quentin Halys,00:41:16,2,2,63,0,1,0.1666666666666666,0.0,0,0,2,2,2,29,34,0,0,0,0,0,0,0,0,0,0,0,0,0,0,0,0,0,0,0,0,0,0.0226043459989968,4.313,1,0.5942028985507246,C,NCTL,D,0.0,0.0714285714285714,0.3636363636363636,0.6363636363636364,0.0,0.0130888385229765,1.0,0.7043941411451398,0.0,0.0,0.0,0.125,0.0,0.2982456140350877,0.4,0.3023952095808383,0.0816326530612244,0.75,0.3203230148048452,0.9705882352941178,0.0,1.0,0.9999999999999998,0.0,0.0,0.0,0.24727426355207996,0.8964373186227711
44,1639,2035,2023-wimbledon-1309,Jannik Sinner,Quentin Halys,00:41:42,2,2,64,0,1,0.1666666666666666,0.0,0,15,2,2,1,30,34,0,0,0,0,1,0,F,0,0,0,0,0,0,0,0,0,0,0,0,0,0,0.0755940842359256,8.846,4,0.4202898550724638,BW,NCTL,ND,0.0666666666666666,0.0714285714285714,0.4545454545454546,0.5454545454545454,0.1333743134805069,0.0659591718912332,1.0,0.7043941411451398,0.0,0.0,0.0,0.125,0.0,0.2982456140350877,0.4,0.3023952095808383,0.0816326530612244,0.75,0.3203230148048452,0.9705882352941178,0.0,1.0,0.9999999999999998,0.0,0.75,0.75,0.4797717710203933,1.113261198123064
45,1640,2036,2023-wimbledon-1309,Jannik Sinner,Quentin Halys,00:42:16,2,2,65,0,1,0.1666666666666666,0.0,15,15,2,1,1,31,34,0,0,0,0,0,0,0,0,0,0,0,0,0,0,0,0,0,0,0,0,0,0.0986118830403014,11.988,4,0.6376811594202898,W,CTL,ND,0.1333333333333333,0.0714285714285714,0.5454545454545455,0.4545454545454545,0.2189040172920464,0.0531498150206885,1.0,0.7043941411451398,0.0,0.0,0.0,0.125,0.0,0.2982456140350877,0.4,0.3023952095808383,0.0816326530612244,0.75,0.3203230148048452,0.9705882352941178,0.0,1.0,0.0,0.9999999999999998,1.0,1.0,0.427121175902104,1.0433708799651293
46,1641,2037,2023-wimbledon-1309,Jannik Sinner,Quentin Halys,00:42:42,2,2,66,0,1,0.1666666666666666,0.0,30,15,2,2,2,31,35,0,0,0,0,0,1,F,0,0,0,0,0,0,0,0,0,0,0,0,0,0,0.0460084859493825,5.521,3,0.4492753623188406,W,NCTL,ND,0.1333333333333333,0.1428571428571428,0.4545454545454546,0.5454545454545454,0.0511799986100375,0.0673245995378,1.0,0.7043941411451398,0.0,0.0,0.0,0.125,0.0,0.2982456140350877,0.4,0.3023952095808383,0.0816326530612244,0.75,0.3203230148048452,0.9705882352941178,0.0,1.0,0.9999999999999998,0.0,1.0,1.0,0.5471401329279318,1.1879669253107756
47,1642,2038,2023-wimbledon-1309,Jannik Sinner,Quentin Halys,00:43:32,2,2,67,0,1,0.1666666666666666,0.0,30,30,2,2,1,32,35,0,0,0,0,0,0,0,0,0,0,0,0,1,0,0,0,0,0,0,0,0,0.1266995621467011,22.401,6,0.5217391304347827,BW,NCTL,ND,0.2,0.1428571428571428,0.5454545454545455,0.4545454545454545,0.2476662267247611,0.0813943828904134,1.0,0.7043941411451398,0.0,0.0,0.0,0.125,0.0,0.2982456140350877,0.4,0.3023952095808383,0.0816326530612244,0.75,0.3216689098250336,0.9665271966527196,0.0,1.0,0.9999999999999998,0.0,0.75,0.75,0.4969387353886305,1.1131305432448286
48,1643,2039,2023-wimbledon-1309,Jannik Sinner,Quentin Halys,00:44:22,2,2,68,0,1,0.1666666666666666,0.0,40,30,2,1,1,33,35,1,0,0,0,0,0,0,0,0,0,0,0,0,0,0,1,0,1,0,0,0,0.021804552047608,3.224,2,0.8405797101449275,BW,CTL,ND,0.2666666666666666,0.1428571428571428,0.6363636363636365,0.3636363636363636,0.0520412965398031,0.012635607691188,1.0,0.7043941411451398,1.0,0.125,0.0,0.125,0.0,0.2982456140350877,0.4,0.3023952095808383,0.0816326530612244,0.75,0.3216689098250336,0.9665271966527196,0.0,1.0,0.0,0.9999999999999998,0.75,0.75,0.5098670570076682,0.9673784119177464
49,1644,2040,2023-wimbledon-1309,Jannik Sinner,Quentin Halys,00:44:57,2,3,69,0,1,0.3333333333333333,0.0,0,0,1,2,2,33,36,0,0,0,0,0,0,0,0,0,0,0,0,1,0,1,0,0,0,0,0,0,0.2960322086513304,38.242,8,0.4927536231884057,BC,NCTL,D,0.0,0.0714285714285714,0.3636363636363636,0.6363636363636364,0.0,0.1352508391707998,1.0,0.7043941411451398,1.0,0.125,0.0,0.125,0.0,0.2982456140350877,0.4,0.3023952095808383,0.0816326530612244,0.75,0.323014804845222,0.96875,1.0,0.0,0.9999999999999998,0.0,0.25,0.25,1.1514325564844032,0.35322693506751407
50,1645,2041,2023-wimbledon-1309,Jannik Sinner,Quentin Halys,00:46:10,2,3,70,0,1,0.3333333333333333,0.0,0,15,1,1,1,34,36,0,0,0,0,1,0,F,0,0,0,0,0,0,0,0,0,0,0,0,0,0,0.0417926229174856,10.482,3,0.6521739130434783,W,NCTL,ND,0.0666666666666666,0.0714285714285714,0.4545454545454546,0.5454545454545454,0.0761291783085439,0.0376490602047258,1.0,0.7043941411451398,1.0,0.125,0.0,0.125,0.0,0.2982456140350877,0.4,0.3023952095808383,0.0816326530612244,0.75,0.323014804845222,0.96875,1.0,0.0,0.9999999999999998,0.0,1.0,1.0,1.3881977406729213,0.5661322479511897
51,1646,2042,2023-wimbledon-1309,Jannik Sinner,Quentin Halys,00:46:37,2,3,71,0,1,0.3333333333333333,0.0,15,15,1,2,1,35,36,0,0,0,0,0,0,0,0,0,0,0,0,0,0,0,0,0,0,0,0,0,0.1440645799726171,27.844,5,0.5797101449275364,B,CTL,ND,0.1333333333333333,0.0714285714285714,0.5454545454545455,0.4545454545454545,0.3070969118730203,0.0745630174420228,1.0,0.7043941411451398,1.0,0.125,0.0,0.125,0.0,0.2982456140350877,0.4,0.3023952095808383,0.0816326530612244,0.75,0.323014804845222,0.96875,1.0,0.0,0.0,0.9999999999999998,0.0,0.0,0.9713478587470815,0.12363795180043899
52,1647,2043,2023-wimbledon-1309,Jannik Sinner,Quentin Halys,00:47:35,2,3,72,0,1,0.3333333333333333,0.0,30,15,1,2,1,36,36,0,0,0,0,0,0,0,0,0,0,0,0,0,0,0,0,0,0,0,0,0,0.1450338217950628,26.466,5,0.463768115942029,B,CTL,D,0.2,0.0714285714285714,0.6363636363636365,0.3636363636363636,0.3540404501955332,0.0552732481600462,1.0,0.7043941411451398,1.0,0.125,0.0,0.125,0.0,0.2982456140350877,0.4,0.3023952095808383,0.0816326530612244,0.75,0.323014804845222,0.96875,1.0,0.0,0.0,0.9999999999999998,0.0,0.0,0.9765394350125757,0.11440900516775929
53,1648,2044,2023-wimbledon-1309,Jannik Sinner,Quentin Halys,00:48:35,2,3,73,0,1,0.3333333333333333,0.0,40,15,1,2,2,36,37,0,0,0,0,0,0,0,0,0,1,0,0,0,0,0,0,0,0,0,0,0,0.1461182881698274,23.913,6,0.4782608695652175,B,NCTL,D,0.2,0.1428571428571428,0.5454545454545455,0.4545454545454545,0.1871904434942714,0.1677693717562986,0.8571428571428572,0.7043941411451398,0.0,0.125,0.0,0.125,0.0,0.2982456140350877,0.4,0.3023952095808383,0.0816326530612244,0.75,0.323014804845222,0.96875,1.0,0.0,0.9999999999999998,0.0,0.0,0.0,0.9461435926932087,0.2732960661113043
54,1649,2045,2023-wimbledon-1309,Jannik Sinner,Quentin Halys,00:49:25,2,3,74,0,1,0.3333333333333333,0.0,40,30,1,1,1,37,37,1,0,0,0,0,0,0,0,0,0,0,0,0,0,0,0,0,0,0,0,0,0.0199338475511393,4.258,1,0.7246376811594204,BC,NCTL,D,0.2666666666666666,0.1428571428571428,0.6363636363636365,0.3636363636363636,0.0476637162072302,0.0115727327938121,0.8571428571428572,0.7043941411451398,0.0,0.125,0.5,0.1666666666666666,0.0,0.2982456140350877,0.4,0.3023952095808383,0.0816326530612244,0.75,0.323014804845222,0.96875,1.0,0.0,0.9999999999999998,0.0,0.25,0.25,1.0515218289690587,0.33592554351179243
55,1650,2047,2023-wimbledon-1309,Jannik Sinner,Quentin Halys,00:51:24,2,4,76,0,1,0.5,0.0,15,0,2,1,1,39,37,0,0,0,0,0,0,0,0,0,0,0,0,0,0,0,0,0,0,0,0,0,0.0409114939879895,6.618,2,0.7246376811594204,C,NCTL,D,0.0666666666666666,0.0,0.5454545454545455,0.4545454545454545,0.0288542692068593,0.0,1.0,0.7043941411451398,0.0,0.125,0.5,0.1666666666666666,0.0,0.2982456140350877,0.4,0.3023952095808383,0.0816326530612244,0.75,0.323014804845222,0.96875,0.0,1.0,0.9999999999999998,0.0,0.0,0.0,0.3939625701458612,0.8904212780201677
56,1651,2049,2023-wimbledon-1309,Jannik Sinner,Quentin Halys,00:52:05,2,4,78,0,1,0.5,0.0,30,15,2,1,2,39,39,0,0,0,0,0,0,0,0,0,1,0,0,0,0,0,0,0,0,0,0,0,0.1213721210806707,17.555,5,0.7391304347826086,C,NCTL,D,0.0666666666666666,0.0714285714285714,0.4545454545454546,0.5454545454545454,0.1259408797928802,0.1656686113279998,0.8571428571428572,0.7043941411451398,0.0,0.125,0.5,0.1666666666666666,0.0,0.2982456140350877,0.4,0.3023952095808383,0.0816326530612244,0.75,0.323014804845222,0.96875,0.0,1.0,0.9999999999999998,0.0,0.0,0.0,0.39843612502371706,0.9096750046024232
57,1652,2050,2023-wimbledon-1309,Jannik Sinner,Quentin Halys,00:52:39,2,4,79,0,1,0.5,0.0,30,30,2,2,2,39,40,0,0,0,0,0,1,F,0,0,0,0,0,0,0,0,0,0,0,0,0,0,0.3473749135815857,43.008,11,0.5507246376811594,C,NCTL,D,0.0666666666666666,0.1428571428571428,0.3636363636363636,0.6363636363636364,0.1892729447548929,0.5071273345381794,0.8571428571428572,0.7043941411451398,0.0,0.125,0.5,0.1666666666666666,0.0,0.2982456140350877,0.4,0.3023952095808383,0.0816326530612244,0.75,0.323014804845222,0.96875,0.0,1.0,0.9999999999999998,0.0,0.0,0.0,0.3944416728010331,0.938707390559408
58,1653,2051,2023-wimbledon-1309,Jannik Sinner,Quentin Halys,00:53:37,2,4,80,0,1,0.5,0.0,30,40,2,2,2,39,41,2,0,0,0,0,0,0,0,0,0,0,0,1,0,1,0,0,0,0,0,0,0.1369748810475944,17.613,5,0.4492753623188406,B,NCTL,ND,0.0666666666666666,0.2142857142857142,0.2727272727272727,0.7272727272727273,0.0651802195900578,0.2716002862160043,0.8571428571428572,0.7043941411451398,0.0,0.125,0.5,0.1666666666666666,0.0,0.2982456140350877,0.6000000000000001,0.3053892215568862,0.0816326530612244,0.75,0.3243606998654105,0.9709543568464732,0.0,1.0,0.9999999999999998,0.0,0.0,0.0,0.3764141009807216,0.9324748300268498
59,1654,2052,2023-wimbledon-1309,Jannik Sinner,Quentin Halys,00:54:46,2,5,81,0,1,0.5,0.1666666666666666,0,0,1,1,1,40,41,0,0,0,0,0,0,0,0,0,0,0,0,0,0,0,0,0,0,0,0,0,0.1395911561767137,16.583,5,0.7101449275362319,BW,NCTL,ND,0.0666666666666666,0.0,0.5454545454545455,0.4545454545454545,0.0899264353522806,0.0,1.0,0.7043941411451398,0.0,0.125,0.0,0.1666666666666666,0.0,0.2982456140350877,0.6000000000000001,0.3053892215568862,0.0816326530612244,0.75,0.3243606998654105,0.9709543568464732,1.0,0.0,0.9999999999999998,0.0,0.75,0.75,1.2132000935979188,0.5463443996396365
60,1655,2053,2023-wimbledon-1309,Jannik Sinner,Quentin Halys,00:55:19,2,5,82,0,1,0.5,0.1666666666666666,15,0,1,1,1,41,41,0,0,0,0,0,0,0,0,0,0,0,0,0,0,0,0,0,0,0,0,0,0.0274166655370141,4.594,1,0.7391304347826086,BW,NCTL,ND,0.1333333333333333,0.0,0.6363636363636365,0.3636363636363636,0.0195905474488321,0.0,1.0,0.7043941411451398,0.0,0.125,0.0,0.1666666666666666,0.0,0.2982456140350877,0.6000000000000001,0.3053892215568862,0.0816326530612244,0.75,0.3243606998654105,0.9709543568464732,1.0,0.0,0.9999999999999998,0.0,0.75,0.75,1.2121344121385882,0.5428503106630148
61,1656,2054,2023-wimbledon-1309,Jannik Sinner,Quentin Halys,00:55:41,2,5,83,0,1,0.5,0.1666666666666666,30,0,1,2,1,42,41,0,0,0,0,0,0,0,0,0,0,0,1,0,1,0,0,0,0,0,0,0,0.1157938971654759,15.209,3,0.4927536231884057,BW,NCTL,D,0.2,0.0,0.7272727272727273,0.2727272727272727,0.0761868878487289,0.0,1.0,0.7043941411451398,0.0,0.125,0.0,0.1666666666666666,0.0,0.2982456140350877,0.6000000000000001,0.3053892215568862,0.1020408163265306,0.8,0.3243606998654105,0.9709543568464732,1.0,0.0,0.9999999999999998,0.0,0.75,0.75,1.2165824246114396,0.5316782710663673
62,1657,2055,2023-wimbledon-1309,Jannik Sinner,Quentin Halys,00:56:19,2,5,84,0,1,0.5,0.1666666666666666,40,0,1,1,1,43,41,1,0,0,0,1,0,B,0,0,0,0,0,0,0,0,0,0,0,0,0,0,0.0558974637042659,10.662,3,0.6376811594202898,BW,NCTL,ND,0.2666666666666666,0.0,0.8181818181818182,0.1818181818181817,0.0388641255372087,0.0,1.0,0.7043941411451398,0.0,0.125,0.5,0.2083333333333333,0.0,0.2982456140350877,0.6000000000000001,0.3053892215568862,0.1020408163265306,0.8,0.3243606998654105,0.9709543568464732,1.0,0.0,0.9999999999999998,0.0,0.75,0.75,1.2543288292723587,0.5314170034034407
63,1658,2057,2023-wimbledon-1309,Jannik Sinner,Quentin Halys,00:58:19,2,6,86,0,1,0.6666666666666666,0.1666666666666666,0,15,2,2,1,44,42,0,0,0,0,0,0,0,0,0,0,1,0,0,0,0,0,0,0,0,0,0,0.0737776030581952,12.28,4,0.3333333333333335,BC,NCTL,ND,0.0666666666666666,0.0,0.5454545454545455,0.4545454545454545,0.0504415873124343,0.0,1.0,0.7030625832223701,0.0,0.125,0.5,0.2083333333333333,0.0,0.2982456140350877,0.4,0.3053892215568862,0.1020408163265306,0.8,0.3243606998654105,0.9709543568464732,0.0,1.0,0.9999999999999998,0.0,0.25,0.25,0.5084160602193318,1.0004518183602167
64,1659,2058,2023-wimbledon-1309,Jannik Sinner,Quentin Halys,00:58:55,2,6,87,0,1,0.6666666666666666,0.1666666666666666,15,15,2,2,2,44,43,0,0,0,0,0,1,B,0,0,0,0,0,0,0,0,0,0,0,0,0,0,0.1102021174205966,14.488,7,0.5507246376811594,B,CTL,ND,0.0666666666666666,0.0714285714285714,0.4545454545454546,0.5454545454545454,0.1155009147301821,0.1519353857296521,1.0,0.7030625832223701,0.0,0.125,0.5,0.2083333333333333,0.0,0.2982456140350877,0.4,0.3053892215568862,0.1020408163265306,0.8,0.3243606998654105,0.9709543568464732,0.0,1.0,0.0,0.9999999999999998,0.0,0.0,0.2978081287597725,0.8060770458573612
65,1660,2059,2023-wimbledon-1309,Jannik Sinner,Quentin Halys,00:59:40,2,6,88,0,1,0.6666666666666666,0.1666666666666666,15,30,2,2,2,44,44,0,0,0,0,0,0,0,0,0,0,0,0,0,0,0,0,0,0,0,0,0,0.0901055999132426,16.616,3,0.3623188405797102,W,CTL,ND,0.0666666666666666,0.1428571428571428,0.3636363636363636,0.6363636363636364,0.0606822613012299,0.1625886545342954,1.0,0.7030625832223701,0.0,0.125,0.5,0.2083333333333333,0.0,0.2982456140350877,0.4,0.3053892215568862,0.1020408163265306,0.8,0.3243606998654105,0.9709543568464732,0.0,1.0,0.0,0.9999999999999998,1.0,1.0,0.5785493798263897,1.1011719627158836
66,1661,2060,2023-wimbledon-1309,Jannik Sinner,Quentin Halys,01:00:20,2,6,89,0,1,0.6666666666666666,0.1666666666666666,15,40,2,1,2,44,45,2,0,0,0,0,0,0,0,0,0,0,0,0,0,0,0,0,0,0,0,0,0.0262508641841423,3.817,1,0.5507246376811594,W,CTL,D,0.0666666666666666,0.2142857142857142,0.2727272727272727,0.7272727272727273,0.0138393542592664,0.0576673813236862,1.0,0.7030625832223701,0.0,0.125,0.5,0.2083333333333333,0.0,0.2982456140350877,0.6000000000000001,0.3083832335329342,0.1020408163265306,0.8,0.3243606998654105,0.9709543568464732,0.0,1.0,0.0,0.9999999999999998,1.0,1.0,0.5753871532957799,1.1143768987465208
67,1662,2062,2023-wimbledon-1309,Jannik Sinner,Quentin Halys,01:01:33,2,7,91,0,1,0.6666666666666666,0.3333333333333333,15,0,1,2,1,46,45,0,0,0,0,0,0,0,0,0,0,0,0,0,0,0,0,0,0,0,0,0,0.0199541812956661,3.301,1,0.4492753623188406,BW,NCTL,D,0.0666666666666666,0.0,0.5454545454545455,0.4545454545454545,0.0143625579970124,0.0,1.0,0.7030625832223701,0.0,0.125,0.0,0.2083333333333333,0.0,0.2982456140350877,0.6000000000000001,0.3083832335329342,0.1020408163265306,0.8,0.3243606998654105,0.9709543568464732,1.0,0.0,0.9999999999999998,0.0,0.75,0.75,1.2489820555271258,0.5861212147651171
68,1663,2063,2023-wimbledon-1309,Jannik Sinner,Quentin Halys,01:02:04,2,7,92,0,1,0.6666666666666666,0.3333333333333333,30,0,1,2,1,47,45,0,0,0,0,0,0,0,0,0,0,0,0,0,0,0,0,0,0,0,0,0,0.0160568802613563,3.407,1,0.4492753623188406,BC,NCTL,ND,0.1333333333333333,0.0,0.6363636363636365,0.3636363636363636,0.0116017016283513,0.0,1.0,0.7030625832223701,0.0,0.125,0.0,0.2083333333333333,0.0,0.2982456140350877,0.6000000000000001,0.3083832335329342,0.1020408163265306,0.8,0.3243606998654105,0.9709543568464732,1.0,0.0,0.9999999999999998,0.0,0.25,0.25,1.1054866717247938,0.4342636726313518
69,1664,2064,2023-wimbledon-1309,Jannik Sinner,Quentin Halys,01:02:57,2,7,93,0,1,0.6666666666666666,0.3333333333333333,40,0,1,1,1,48,45,1,0,0,0,1,0,B,0,0,0,0,0,0,0,0,0,0,0,0,0,0,0.0467405007523485,7.684,3,0.463768115942029,W,CTL,ND,0.2,0.0,0.7272727272727273,0.2727272727272727,0.0327818060814454,0.0,1.0,0.7030625832223701,0.0,0.125,0.5,0.25,0.0,0.2982456140350877,0.6000000000000001,0.3083832335329342,0.1020408163265306,0.8,0.3243606998654105,0.9709543568464732,1.0,0.0,0.0,0.9999999999999998,1.0,1.0,1.2217637493702962,0.5073959522216582
70,1665,2066,2023-wimbledon-1309,Jannik Sinner,Quentin Halys,01:05:23,2,8,95,0,1,0.8333333333333333,0.3333333333333333,15,0,2,2,1,50,45,0,0,0,0,1,0,B,0,0,0,0,0,1,0,0,0,0,0,0,0,0,0.1233241605552467,12.73,4,0.5072463768115942,C,NCTL,ND,0.0666666666666666,0.0,0.5454545454545455,0.4545454545454545,0.0805975077206316,0.0,1.0,0.7030625832223701,0.0,0.125,0.5,0.25,0.0,0.2982456140350877,0.6000000000000001,0.3083832335329342,0.1020408163265306,0.8,0.3257065948855989,0.9669421487603304,0.0,1.0,0.9999999999999998,0.0,0.0,0.0,0.48978096427584483,0.9913805529436007
71,1666,2067,2023-wimbledon-1309,Jannik Sinner,Quentin Halys,01:05:58,2,8,96,0,1,0.8333333333333333,0.3333333333333333,30,0,2,1,2,50,46,0,0,0,0,0,1,F,0,0,0,0,0,0,0,0,0,0,0,0,0,0,0.0447884612777725,6.834,3,0.7681159420289856,C,NCTL,ND,0.0666666666666666,0.0714285714285714,0.4545454545454546,0.5454545454545454,0.0498810182833798,0.0656158591572844,1.0,0.7030625832223701,0.0,0.125,0.5,0.25,0.0,0.2982456140350877,0.4,0.3083832335329342,0.1020408163265306,0.8,0.3257065948855989,0.9669421487603304,0.0,1.0,0.9999999999999998,0.0,0.0,0.0,0.4900553087642017,0.9959019135955899
72,1667,2069,2023-wimbledon-1309,Jannik Sinner,Quentin Halys,01:06:58,2,8,98,0,1,0.8333333333333333,0.3333333333333333,40,15,2,1,2,51,47,0,0,0,0,0,1,B,0,0,0,0,0,1,0,1,1,0,0,0,1,0,0.2275684908294811,16.477,5,0.7536231884057971,BW,NCTL,D,0.0666666666666666,0.1428571428571428,0.3636363636363636,0.6363636363636364,0.1360958684732824,0.3646476526790034,1.0,0.7030625832223701,0.0,0.125,0.5,0.25,0.0,0.2982456140350877,0.4,0.3083832335329342,0.1020408163265306,0.8,0.3270524899057873,0.9691358024691356,0.0,1.0,0.9999999999999998,0.0,0.75,0.75,0.7142522933237594,1.2475037134898068
73,1668,2070,2023-wimbledon-1309,Jannik Sinner,Quentin Halys,01:07:32,2,8,99,0,1,0.8333333333333333,0.3333333333333333,40,30,2,2,1,52,47,1,1,0,0,0,0,0,0,0,0,1,0,0,0,0,1,0,1,0,0,0,0.0665184562621154,8.793,2,0.4927536231884057,B,NCTL,D,0.1333333333333333,0.1428571428571428,0.4545454545454546,0.5454545454545454,0.1183604419151547,0.0585341849541743,1.0,0.7017310252996005,1.0,0.25,0.5,0.25,0.0,0.2982456140350877,0.4,0.3083832335329342,0.1020408163265306,0.8,0.3270524899057873,0.9691358024691356,0.0,1.0,0.9999999999999998,0.0,0.0,0.0,0.649606481011264,0.9877135035132059
74,1669,2072,2023-wimbledon-1309,Jannik Sinner,Quentin Halys,01:10:30,3,1,101,1,1,0.0,0.0,0,15,1,2,1,53,48,0,0,0,0,0,0,0,0,0,0,1,0,0,0,0,0,0,0,0,0,0,0.1279263647331534,16.242,5,0.4057971014492754,B,NCTL,D,0.0666666666666666,0.0,0.5454545454545455,0.4545454545454545,0.0832641120426985,0.0,1.0,0.7003994673768309,1.0,0.25,0.0,0.25,0.0,0.2982456140350877,0.4,0.3083832335329342,0.1020408163265306,0.8,0.3270524899057873,0.9691358024691356,1.0,0.0,0.9999999999999998,0.0,0.0,0.0,1.0063175436197445,0.2568456909019029
75,1670,2075,2023-wimbledon-1309,Jannik Sinner,Quentin Halys,01:12:11,3,1,104,1,1,0.0,0.0,30,30,1,2,1,55,49,0,0,0,0,0,0,0,0,0,0,0,0,0,0,0,0,0,0,0,0,0,0.0943282408599818,12.842,3,0.536231884057971,B,NCTL,ND,0.1333333333333333,0.0,0.6363636363636365,0.3636363636363636,0.0632809037085566,0.0,1.0,0.7003994673768309,1.0,0.25,0.0,0.25,0.0,0.2982456140350877,0.4,0.3083832335329342,0.1020408163265306,0.8,0.3270524899057873,0.9691358024691356,1.0,0.0,0.9999999999999998,0.0,0.0,0.0,1.0125020401359621,0.2561803205747644
76,1671,2076,2023-wimbledon-1309,Jannik Sinner,Quentin Halys,01:12:47,3,1,105,1,1,0.0,0.0,40,30,1,2,1,56,49,1,0,0,0,0,0,0,0,0,0,1,0,0,0,0,0,0,0,0,0,0,0.0316054169095419,8.541,3,0.4782608695652175,C,CTL,ND,0.2,0.0,0.7272727272727273,0.2727272727272727,0.0224919160550974,0.0,1.0,0.6990679094540613,1.0,0.25,0.5,0.2916666666666666,0.0,0.2982456140350877,0.4,0.3083832335329342,0.1020408163265306,0.8,0.3270524899057873,0.9691358024691356,1.0,0.0,0.0,0.9999999999999998,0.0,0.0,0.8999842383903918,0.10595778517613277
77,1672,2077,2023-wimbledon-1309,Jannik Sinner,Quentin Halys,01:13:40,3,2,106,1,1,0.1666666666666666,0.0,0,0,2,1,2,56,50,0,0,0,0,0,0,0,0,0,0,0,0,0,0,0,0,0,0,0,0,0,0.0109124428960674,2.094,1,0.7391304347826086,BW,NCTL,ND,0.0,0.0714285714285714,0.3636363636363636,0.6363636363636364,0.0,0.0063918303510325,1.0,0.6990679094540613,1.0,0.25,0.5,0.2916666666666666,0.0,0.2982456140350877,0.4,0.3083832335329342,0.1020408163265306,0.8,0.3270524899057873,0.9691358024691356,0.0,1.0,0.9999999999999998,0.0,0.75,0.75,0.6757280733584995,1.1216246116370308
78,1673,2078,2023-wimbledon-1309,Jannik Sinner,Quentin Halys,01:13:54,3,2,107,1,1,0.1666666666666666,0.0,0,15,2,2,2,56,51,0,0,0,0,0,0,0,0,0,1,0,0,0,0,0,0,0,0,0,0,0,0.0576664994781005,5.098,3,0.5507246376811594,B,NCTL,ND,0.0,0.1428571428571428,0.2727272727272727,0.7272727272727273,0.0,0.0322843196176107,0.8571428571428572,0.6990679094540613,0.0,0.25,0.5,0.2916666666666666,0.0,0.2982456140350877,0.4,0.3083832335329342,0.1020408163265306,0.8,0.3270524899057873,0.9691358024691356,0.0,1.0,0.9999999999999998,0.0,0.0,0.0,0.28869058920375373,0.9016143141786371
79,1674,2080,2023-wimbledon-1309,Jannik Sinner,Quentin Halys,01:14:38,3,2,109,1,1,0.1666666666666666,0.0,0,40,2,1,2,56,53,2,0,0,0,0,0,0,0,0,0,0,0,0,0,0,0,0,0,0,0,0,0.070408979381583,8.183,3,0.7971014492753623,BW,NCTL,ND,0.0,0.2142857142857142,0.1818181818181818,0.8181818181818181,0.0,0.0389488915937677,0.8571428571428572,0.6990679094540613,0.0,0.25,0.5,0.2916666666666666,0.0,0.2982456140350877,0.6000000000000001,0.311377245508982,0.1020408163265306,0.8,0.3270524899057873,0.9691358024691356,0.0,1.0,0.9999999999999998,0.0,0.75,0.75,0.5125909119333905,1.1475668646955557
80,1675,2084,2023-wimbledon-1309,Jannik Sinner,Quentin Halys,01:17:10,3,3,113,1,1,0.1666666666666666,0.1666666666666666,30,15,1,2,1,59,54,0,0,0,0,0,0,0,0,0,0,0,0,0,0,0,0,0,0,0,0,0,0.0608182298797597,9.565,3,0.318840579710145,B,NCTL,ND,0.0666666666666666,0.0,0.5454545454545455,0.4545454545454545,0.0420892653918292,0.0,1.0,0.6990679094540613,0.0,0.25,0.5,0.2916666666666666,0.0,0.2982456140350877,0.6000000000000001,0.311377245508982,0.1020408163265306,0.8,0.3270524899057873,0.9691358024691356,1.0,0.0,0.9999999999999998,0.0,0.0,0.0,0.9239683540841684,0.3142882358628183
81,1676,2085,2023-wimbledon-1309,Jannik Sinner,Quentin Halys,01:17:43,3,3,114,1,1,0.1666666666666666,0.1666666666666666,40,15,1,2,1,60,54,1,0,0,0,0,0,0,0,0,0,0,0,0,0,0,0,0,0,0,0,0,0.0110886686819666,4.457,1,0.3623188405797102,B,NCTL,ND,0.1333333333333333,0.0,0.6363636363636365,0.3636363636363636,0.0080513500417946,0.0,1.0,0.6990679094540613,0.0,0.25,0.5,0.3333333333333333,0.0,0.2982456140350877,0.6000000000000001,0.311377245508982,0.1020408163265306,0.8,0.3270524899057873,0.9691358024691356,1.0,0.0,0.9999999999999998,0.0,0.0,0.0,0.9271332372274713,0.3111982495504085
82,1677,2086,2023-wimbledon-1309,Jannik Sinner,Quentin Halys,01:19:29,3,4,115,1,1,0.3333333333333333,0.1666666666666666,0,0,2,1,2,60,55,0,0,0,0,0,0,0,0,0,0,0,0,0,0,0,0,0,0,0,0,0,0.0334151201724301,6.739,1,0.7681159420289856,C,CTL,ND,0.0,0.0714285714285714,0.3636363636363636,0.6363636363636364,0.0,0.0191463067866042,1.0,0.6990679094540613,0.0,0.25,0.5,0.3333333333333333,0.0,0.2982456140350877,0.6000000000000001,0.311377245508982,0.1020408163265306,0.8,0.3270524899057873,0.9691358024691356,0.0,1.0,0.0,0.9999999999999998,0.0,0.0,0.20255074376240947,0.8177861037592309
83,1678,2088,2023-wimbledon-1309,Jannik Sinner,Quentin Halys,01:20:05,3,4,117,1,1,0.3333333333333333,0.1666666666666666,0,30,2,1,2,60,57,0,0,0,0,0,0,0,0,0,0,0,0,0,0,0,0,0,0,0,0,0,0.2130366414076373,22.578,9,0.6811594202898552,BW,NCTL,D,0.0,0.1428571428571428,0.2727272727272727,0.7272727272727273,0.0,0.1039913424905842,1.0,0.6990679094540613,0.0,0.25,0.5,0.3333333333333333,0.0,0.2982456140350877,0.6000000000000001,0.311377245508982,0.1020408163265306,0.8,0.3270524899057873,0.9691358024691356,0.0,1.0,0.9999999999999998,0.0,0.75,0.75,0.5614591057271127,1.1927492809672928
84,1679,2089,2023-wimbledon-1309,Jannik Sinner,Quentin Halys,01:20:45,3,4,118,1,1,0.3333333333333333,0.1666666666666666,0,40,2,2,2,60,58,2,0,0,0,0,0,0,0,0,0,0,0,0,0,0,0,0,0,0,0,0,0.0133253805799183,3.685,1,0.3913043478260869,BW,NCTL,D,0.0,0.2142857142857142,0.1818181818181818,0.8181818181818181,0.0,0.0077865934252115,1.0,0.6990679094540613,0.0,0.25,0.5,0.3333333333333333,0.0,0.2982456140350877,0.6000000000000001,0.31437125748503,0.1020408163265306,0.8,0.3270524899057873,0.9691358024691356,0.0,1.0,0.9999999999999998,0.0,0.75,0.75,0.5490747581378296,1.1805677275604265
85,1680,2090,2023-wimbledon-1309,Jannik Sinner,Quentin Halys,01:21:29,3,5,119,1,1,0.3333333333333333,0.3333333333333333,0,0,1,2,1,61,58,0,0,0,0,0,0,0,0,0,0,1,0,0,0,0,0,0,0,0,0,0,0.060092992991636,8.597,3,0.3913043478260869,BC,NCTL,D,0.0666666666666666,0.0,0.5454545454545455,0.4545454545454545,0.0416158160775915,0.0,1.0,0.6977363515312915,0.0,0.25,0.5,0.3333333333333333,0.0,0.2982456140350877,0.6000000000000001,0.31437125748503,0.1020408163265306,0.8,0.3270524899057873,0.9691358024691356,1.0,0.0,0.9999999999999998,0.0,0.25,0.25,1.047370228123285,0.4371370361795324
86,1681,2091,2023-wimbledon-1309,Jannik Sinner,Quentin Halys,01:22:16,3,5,120,1,1,0.3333333333333333,0.3333333333333333,15,0,1,2,1,62,58,0,0,0,0,0,0,0,0,0,0,1,0,0,0,0,0,0,0,0,0,0,0.0126611449253751,4.395,1,0.4057971014492754,BW,NCTL,ND,0.1333333333333333,0.0,0.6363636363636365,0.3636363636363636,0.0091788310815949,0.0,1.0,0.696404793608522,0.0,0.25,0.0,0.3333333333333333,0.0,0.2982456140350877,0.6000000000000001,0.31437125748503,0.1020408163265306,0.8,0.3270524899057873,0.9691358024691356,1.0,0.0,0.9999999999999998,0.0,0.75,0.75,1.1647423427050816,0.5807926624426201
87,1682,2092,2023-wimbledon-1309,Jannik Sinner,Quentin Halys,01:22:46,3,5,121,1,1,0.3333333333333333,0.3333333333333333,30,0,1,1,1,63,58,0,0,0,0,1,0,F,0,0,0,0,1,0,1,0,0,0,0,0,0,0,0.0472081768764656,11.553,3,0.5507246376811594,W,CTL,ND,0.2,0.0,0.7272727272727273,0.2727272727272727,0.0330950276717122,0.0,1.0,0.696404793608522,0.0,0.25,0.0,0.3333333333333333,0.0,0.2982456140350877,0.6000000000000001,0.31437125748503,0.1224489795918367,0.8333333333333334,0.3270524899057873,0.9691358024691356,1.0,0.0,0.0,0.9999999999999998,1.0,1.0,1.1063729554310147,0.5100066181821135
88,1683,2093,2023-wimbledon-1309,Jannik Sinner,Quentin Halys,01:23:11,3,5,122,1,1,0.3333333333333333,0.3333333333333333,40,0,1,2,1,64,58,1,0,0,0,0,0,0,0,0,0,0,0,0,0,0,0,0,0,0,0,0,0.0127085903292711,4.068,1,0.3768115942028986,BC,NCTL,ND,0.2666666666666666,0.0,0.8181818181818182,0.1818181818181817,0.0092127954897956,0.0,1.0,0.696404793608522,0.0,0.25,0.5,0.375,0.0,0.2982456140350877,0.6000000000000001,0.31437125748503,0.1224489795918367,0.8333333333333334,0.3270524899057873,0.9691358024691356,1.0,0.0,0.9999999999999998,0.0,0.25,0.25,1.0593788406718299,0.42382462067538546
89,1684,2095,2023-wimbledon-1309,Jannik Sinner,Quentin Halys,01:25:32,3,6,124,1,1,0.5,0.3333333333333333,15,0,2,2,1,66,58,0,0,0,0,1,0,F,0,0,0,0,1,0,1,0,0,0,0,0,0,0,0.1260488823218424,15.359,4,0.4492753623188406,B,NCTL,ND,0.0666666666666666,0.0,0.5454545454545455,0.4545454545454545,0.0821788954398955,0.0,1.0,0.696404793608522,0.0,0.25,0.5,0.375,0.0,0.2982456140350877,0.4,0.31437125748503,0.1428571428571428,0.8571428571428571,0.3270524899057873,0.9691358024691356,0.0,1.0,0.9999999999999998,0.0,0.0,0.0,0.4046621624867969,0.9771451587408292
90,1685,2096,2023-wimbledon-1309,Jannik Sinner,Quentin Halys,01:26:15,3,6,125,1,1,0.5,0.3333333333333333,30,0,2,1,1,67,58,0,0,0,0,0,0,0,0,0,0,1,0,0,0,0,0,0,0,0,0,0,0.0205167482275753,3.098,2,0.6231884057971016,BW,NCTL,ND,0.1333333333333333,0.0,0.6363636363636365,0.3636363636363636,0.0147593399818496,0.0,1.0,0.6950732356857523,0.0,0.25,0.5,0.375,0.0,0.2982456140350877,0.4,0.31437125748503,0.1428571428571428,0.8571428571428571,0.3270524899057873,0.9691358024691356,0.0,1.0,0.9999999999999998,0.0,0.75,0.75,0.6292264620163902,1.1990235382246077
91,1686,2097,2023-wimbledon-1309,Jannik Sinner,Quentin Halys,01:26:42,3,6,126,1,1,0.5,0.3333333333333333,40,0,2,1,2,67,59,0,0,0,0,0,0,0,0,0,1,0,0,0,0,0,1,0,0,0,1,0,0.0883975653729886,13.772,5,0.7971014492753623,C,CTL,D,0.1333333333333333,0.0714285714285714,0.5454545454545455,0.4545454545454545,0.1384458854101776,0.0961832694796569,0.8571428571428572,0.6950732356857523,0.0,0.25,0.5,0.375,0.0,0.2982456140350877,0.4,0.31437125748503,0.1428571428571428,0.8571428571428571,0.3270524899057873,0.9691358024691356,0.0,1.0,0.0,0.9999999999999998,0.0,0.0,0.27484560922294854,0.85098562705456
92,1687,2100,2023-wimbledon-1309,Jannik Sinner,Quentin Halys,01:28:23,3,7,129,1,1,0.6666666666666666,0.3333333333333333,0,0,1,2,1,69,60,0,0,0,0,0,0,0,0,0,0,0,0,0,0,0,0,0,0,0,0,0,0.0240209302010329,8.54,3,0.4927536231884057,B,NCTL,ND,0.0666666666666666,0.0,0.5454545454545455,0.4545454545454545,0.0172210462167023,0.0,1.0,0.6950732356857523,0.0,0.25,0.5,0.375,0.0,0.2982456140350877,0.4,0.31437125748503,0.1428571428571428,0.8571428571428571,0.3270524899057873,0.9691358024691356,1.0,0.0,0.9999999999999998,0.0,0.0,0.0,1.0721639640665095,0.35336877320016613
93,1688,2101,2023-wimbledon-1309,Jannik Sinner,Quentin Halys,01:28:58,3,7,130,1,1,0.6666666666666666,0.3333333333333333,15,0,1,1,1,70,60,0,0,0,0,1,0,F,0,0,0,0,1,0,1,0,0,0,0,0,0,0,0.1017636134419607,14.972,5,0.7101449275362319,C,NCTL,ND,0.1333333333333333,0.0,0.6363636363636365,0.3636363636363636,0.0678082659826693,0.0,1.0,0.6950732356857523,0.0,0.25,0.0,0.375,0.0,0.2982456140350877,0.4,0.31437125748503,0.1632653061224489,0.875,0.3270524899057873,0.9691358024691356,1.0,0.0,0.9999999999999998,0.0,0.0,0.0,1.0563306816228732,0.355128018858299
94,1689,2102,2023-wimbledon-1309,Jannik Sinner,Quentin Halys,01:29:29,3,7,131,1,1,0.6666666666666666,0.3333333333333333,30,0,1,1,2,70,61,0,0,0,0,0,0,0,0,0,1,0,1,0,0,0,0,0,0,0,0,0,0.0725711342162696,9.841,2,0.6231884057971016,BW,NCTL,ND,0.1333333333333333,0.0714285714285714,0.5454545454545455,0.4545454545454545,0.1153360614418407,0.0801280546945552,0.8571428571428572,0.6950732356857523,0.0,0.25,0.0,0.375,0.0,0.2982456140350877,0.4,0.31437125748503,0.183673469387755,0.7777777777777778,0.3270524899057873,0.9691358024691356,1.0,0.0,0.9999999999999998,0.0,0.75,0.75,1.274054194910808,0.5853745983388333
95,1690,2103,2023-wimbledon-1309,Jannik Sinner,Quentin Halys,01:29:58,3,7,132,1,1,0.6666666666666666,0.3333333333333333,30,15,1,1,1,71,61,0,0,0,0,0,0,0,0,0,0,0,0,0,0,0,0,0,0,0,0,0,0.2621358565250986,41.895,7,0.7101449275362319,C,NCTL,ND,0.2,0.0714285714285714,0.6363636363636365,0.3636363636363636,0.5805267462638509,0.0906325785431138,0.8571428571428572,0.6950732356857523,0.0,0.25,0.0,0.375,0.0,0.2982456140350877,0.4,0.31437125748503,0.183673469387755,0.7777777777777778,0.3270524899057873,0.9691358024691356,1.0,0.0,0.9999999999999998,0.0,0.0,0.0,1.1002965400307598,0.363086448540143
96,1691,2104,2023-wimbledon-1309,Jannik Sinner,Quentin Halys,01:30:32,3,7,133,1,1,0.6666666666666666,0.3333333333333333,40,15,1,1,1,72,61,1,0,0,0,0,0,0,0,0,0,0,0,0,0,0,0,0,0,0,0,0,0.0216622158359202,4.576,1,0.8260869565217392,BC,CTL,D,0.2666666666666666,0.0714285714285714,0.7272727272727273,0.2727272727272727,0.0649086138843209,0.0073441302492089,0.8571428571428572,0.6950732356857523,0.0,0.25,0.5,0.4166666666666666,0.0,0.2982456140350877,0.4,0.31437125748503,0.183673469387755,0.7777777777777778,0.3270524899057873,0.9691358024691356,1.0,0.0,0.0,0.9999999999999998,0.25,0.25,1.024710936245349,0.2841786559657658
97,1692,2105,2023-wimbledon-1309,Jannik Sinner,Quentin Halys,01:32:04,3,8,134,1,1,0.8333333333333333,0.3333333333333333,0,0,2,2,2,72,62,0,0,0,0,0,0,0,0,0,1,0,0,0,0,0,0,0,0,0,0,0,0.0673792514470848,9.778,3,0.5072463768115942,BC,NCTL,ND,0.0,0.0714285714285714,0.3636363636363636,0.6363636363636364,0.0,0.037378702600077,0.8571428571428572,0.6950732356857523,0.0,0.25,0.5,0.4166666666666666,0.0,0.2982456140350877,0.4,0.31437125748503,0.183673469387755,0.7777777777777778,0.3270524899057873,0.9691358024691356,0.0,1.0,0.9999999999999998,0.0,0.25,0.25,0.5592331906403722,1.064424568844991
98,1693,2106,2023-wimbledon-1309,Jannik Sinner,Quentin Halys,01:32:37,3,8,135,1,1,0.8333333333333333,0.3333333333333333,0,15,2,1,2,72,63,0,0,0,1,0,1,0,0,0,0,0,0,0,0,0,0,0,0,0,0,0,0.0374140899293741,6.15,1,0.7391304347826086,C,CTL,D,0.0,0.1428571428571428,0.2727272727272727,0.7272727272727273,0.0,0.0213550130545279,0.8571428571428572,0.6950732356857523,0.0,0.25,0.5,0.4166666666666666,0.0,0.2982456140350877,0.4,0.31437125748503,0.183673469387755,0.7777777777777778,0.3270524899057873,0.9691358024691356,0.0,1.0,0.0,0.9999999999999998,0.0,0.0,0.34331651453641704,0.8557054441847806
99,1694,2107,2023-wimbledon-1309,Jannik Sinner,Quentin Halys,01:33:09,3,8,136,1,1,0.8333333333333333,0.3333333333333333,0,30,2,1,2,72,64,0,0,0,0,0,0,0,0,0,0,0,0,0,0,0,0,0,0,0,0,0,0.0219401103444536,3.462,1,0.5652173913043479,BW,NCTL,D,0.0,0.2142857142857142,0.1818181818181818,0.8181818181818181,0.0,0.0127124764065366,0.8571428571428572,0.6950732356857523,0.0,0.25,0.5,0.4166666666666666,0.0,0.2982456140350877,0.4,0.31437125748503,0.183673469387755,0.7777777777777778,0.3270524899057873,0.9691358024691356,0.0,1.0,0.9999999999999998,0.0,0.75,0.75,0.699800260515849,1.2200348792561453
100,1695,2108,2023-wimbledon-1309,Jannik Sinner,Quentin Halys,01:33:46,3,8,137,1,1,0.8333333333333333,0.3333333333333333,0,40,2,1,2,72,65,2,0,0,0,0,0,0,0,0,0,0,0,0,0,0,0,0,0,0,0,0,0.0747197332212717,8.743,3,0.7536231884057971,C,NCTL,ND,0.0,0.2857142857142857,0.0909090909090909,0.9090909090909092,0.0,0.0411677268326047,0.8571428571428572,0.6950732356857523,0.0,0.25,0.5,0.4166666666666666,0.0,0.2982456140350877,0.6000000000000001,0.3173652694610778,0.183673469387755,0.7777777777777778,0.3270524899057873,0.9691358024691356,0.0,1.0,0.9999999999999998,0.0,0.0,0.0,0.47941842910247795,1.0236187110078303
101,1696,2109,2023-wimbledon-1309,Jannik Sinner,Quentin Halys,01:34:45,3,9,138,1,1,0.8333333333333333,0.5,0,0,1,2,1,73,65,0,0,0,0,0,0,0,0,0,0,0,0,0,0,0,0,0,0,0,0,0,0.0242784909650395,4.533,1,0.536231884057971,B,CTL,D,0.0666666666666666,0.0,0.5454545454545455,0.4545454545454545,0.017401319497566,0.0,1.0,0.6950732356857523,0.0,0.25,0.0,0.4166666666666666,0.0,0.2982456140350877,0.6000000000000001,0.3173652694610778,0.183673469387755,0.7777777777777778,0.3270524899057873,0.9691358024691356,1.0,0.0,0.0,0.9999999999999998,0.0,0.0,0.9451933961956843,0.2701472715518472
102,1697,2110,2023-wimbledon-1309,Jannik Sinner,Quentin Halys,01:35:15,3,9,139,1,1,0.8333333333333333,0.5,15,0,1,2,1,74,65,0,0,0,0,0,0,0,0,0,0,1,0,0,0,0,0,0,0,0,0,0,0.0579986173053722,7.781,5,0.2318840579710146,B,NCTL,ND,0.1333333333333333,0.0,0.6363636363636365,0.3636363636363636,0.0402449214710071,0.0,1.0,0.6937416777629827,0.0,0.25,0.0,0.4166666666666666,0.0,0.2982456140350877,0.6000000000000001,0.3173652694610778,0.183673469387755,0.7777777777777778,0.3270524899057873,0.9691358024691356,1.0,0.0,0.9999999999999998,0.0,0.0,0.0,1.087317827458633,0.40165979188549344
103,1698,2111,2023-wimbledon-1309,Jannik Sinner,Quentin Halys,01:35:49,3,9,140,1,1,0.8333333333333333,0.5,30,0,1,1,1,75,65,0,0,0,0,0,0,0,0,0,0,0,0,0,0,0,0,0,0,0,0,0,0.0305277284496197,5.743,1,0.6376811594202898,W,CTL,D,0.2,0.0,0.7272727272727273,0.2727272727272727,0.0217477009492143,0.0,1.0,0.6937416777629827,0.0,0.25,0.0,0.4166666666666666,0.0,0.2982456140350877,0.6000000000000001,0.3173652694610778,0.183673469387755,0.7777777777777778,0.3270524899057873,0.9691358024691356,1.0,0.0,0.0,0.9999999999999998,1.0,1.0,1.252118854050795,0.5594804673238808
104,1699,2112,2023-wimbledon-1309,Jannik Sinner,Quentin Halys,01:36:13,3,9,141,1,1,0.8333333333333333,0.5,40,0,1,2,2,75,66,0,0,0,0,0,0,0,0,0,1,0,0,0,0,0,0,0,0,0,0,0,0.0504954655749705,8.816,2,0.2753623188405798,BW,NCTL,D,0.2,0.0714285714285714,0.6363636363636365,0.3636363636363636,0.0990681527671726,0.0494386055129633,0.8571428571428572,0.6937416777629827,0.0,0.25,0.0,0.4166666666666666,0.0,0.2982456140350877,0.6000000000000001,0.3173652694610778,0.183673469387755,0.7777777777777778,0.3270524899057873,0.9691358024691356,1.0,0.0,0.9999999999999998,0.0,0.75,0.75,1.3148748535715764,0.6285461662762434
105,1700,2117,2023-wimbledon-1309,Jannik Sinner,Quentin Halys,01:40:10,4,1,146,2,1,0.0,0.0,15,30,2,2,1,78,68,0,0,0,0,0,0,0,0,0,0,1,0,0,0,0,0,0,0,0,0,0,0.0759262020631973,8.998,2,0.4057971014492754,B,NCTL,ND,0.0666666666666666,0.0,0.5454545454545455,0.4545454545454545,0.0518069156037585,0.0,1.0,0.6924101198402131,0.0,0.25,0.0,0.4166666666666666,0.0,0.2982456140350877,0.4,0.3173652694610778,0.183673469387755,0.7777777777777778,0.3270524899057873,0.9691358024691356,0.0,1.0,0.9999999999999998,0.0,0.0,0.0,0.22886192551663165,0.8819621544618907
106,1701,2118,2023-wimbledon-1309,Jannik Sinner,Quentin Halys,01:40:44,4,1,147,2,1,0.0,0.0,30,30,2,1,2,78,69,0,0,0,0,0,0,0,0,0,0,0,0,0,0,0,0,0,0,0,0,0,0.0305006167902506,5.002,1,0.8260869565217392,C,NCTL,ND,0.0666666666666666,0.0714285714285714,0.4545454545454546,0.5454545454545454,0.0344395843773883,0.0453034640372422,1.0,0.6924101198402131,0.0,0.25,0.0,0.4166666666666666,0.0,0.2982456140350877,0.4,0.3173652694610778,0.183673469387755,0.7777777777777778,0.3270524899057873,0.9691358024691356,0.0,1.0,0.9999999999999998,0.0,0.0,0.0,0.23475358638401275,0.901961514688589
107,1702,2119,2023-wimbledon-1309,Jannik Sinner,Quentin Halys,01:41:04,4,1,148,2,1,0.0,0.0,30,40,2,2,1,79,69,0,0,0,0,0,0,0,0,0,0,1,0,0,0,0,0,0,0,0,0,0,0.0188968265802708,5.34,2,0.5072463768115942,BW,NCTL,ND,0.1333333333333333,0.0714285714285714,0.5454545454545455,0.4545454545454545,0.045230088749247,0.0109818489406002,1.0,0.6910785619174433,0.0,0.25,0.0,0.4166666666666666,0.0,0.2982456140350877,0.4,0.3173652694610778,0.183673469387755,0.7777777777777778,0.3270524899057873,0.9691358024691356,0.0,1.0,0.9999999999999998,0.0,0.75,0.75,0.45244600597962364,1.1070866290204082
108,1703,2120,2023-wimbledon-1309,Jannik Sinner,Quentin Halys,01:41:50,4,1,149,2,1,0.0,0.0,40,40,2,2,1,80,69,0,0,0,0,0,0,0,0,0,0,0,0,0,0,0,0,0,0,0,0,0,0.0300939418997139,4.552,2,0.6086956521739131,C,NCTL,D,0.2,0.0714285714285714,0.6363636363636365,0.3636363636363636,0.0816590180424787,0.0127487103981333,1.0,0.6910785619174433,0.0,0.25,0.0,0.4166666666666666,0.0,0.2982456140350877,0.4,0.3173652694610778,0.183673469387755,0.7777777777777778,0.3270524899057873,0.9691358024691356,0.0,1.0,0.9999999999999998,0.0,0.0,0.0,0.24144296462322926,0.8844353293941605
109,1704,2121,2023-wimbledon-1309,Jannik Sinner,Quentin Halys,01:42:23,4,1,150,2,1,0.0,0.0,AD,40,2,2,2,80,70,0,0,0,0,0,0,0,0,0,0,0,0,1,0,1,1,0,0,0,1,0,0.1449728205614824,22.213,5,0.6811594202898552,C,NCTL,D,0.2,0.1428571428571428,0.5454545454545455,0.4545454545454545,0.1859088014890709,0.166620700542025,1.0,0.6910785619174433,0.0,0.25,0.0,0.4166666666666666,0.0,0.2982456140350877,0.4,0.3173652694610778,0.183673469387755,0.7777777777777778,0.3283983849259758,0.9713114754098362,0.0,1.0,0.9999999999999998,0.0,0.0,0.0,0.24831533752346152,0.9043820584144743
110,1705,2122,2023-wimbledon-1309,Jannik Sinner,Quentin Halys,01:43:09,4,1,151,2,1,0.0,0.0,40,40,2,1,2,80,71,0,0,0,0,0,0,0,0,0,1,0,0,0,0,0,0,0,0,0,0,0,0.1379712345294093,17.541,5,0.6666666666666667,W,CTL,ND,0.2,0.2142857142857142,0.4545454545454546,0.5454545454545454,0.1410765407273031,0.185578778167084,0.8571428571428572,0.6910785619174433,0.0,0.25,0.0,0.4166666666666666,0.0,0.2982456140350877,0.4,0.3173652694610778,0.183673469387755,0.7777777777777778,0.3283983849259758,0.9713114754098362,0.0,1.0,0.0,0.9999999999999998,1.0,1.0,0.39032691280781784,1.0607530504327152
111,1706,2123,2023-wimbledon-1309,Jannik Sinner,Quentin Halys,01:43:37,4,1,152,2,1,0.0,0.0,40,AD,2,1,1,81,71,0,0,0,0,0,0,0,0,0,0,1,0,0,0,0,0,0,0,0,0,0,0.1352397348479713,19.865,6,0.7971014492753623,BW,NCTL,D,0.2666666666666666,0.2142857142857142,0.5454545454545455,0.4545454545454545,0.25139284827205,0.0932483932789211,0.8571428571428572,0.6897470039946738,0.0,0.25,0.0,0.4166666666666666,0.0,0.2982456140350877,0.4,0.3173652694610778,0.183673469387755,0.7777777777777778,0.3283983849259758,0.9713114754098362,0.0,1.0,0.9999999999999998,0.0,0.75,0.75,0.4784777619130472,1.1225035130405636
112,1707,2124,2023-wimbledon-1309,Jannik Sinner,Quentin Halys,01:44:11,4,1,153,2,1,0.0,0.0,40,40,2,2,2,81,72,0,0,0,0,0,1,F,0,0,0,0,0,1,0,1,0,0,0,0,0,0,0.0460355976087516,5.872,3,0.5942028985507246,BC,NCTL,ND,0.2666666666666666,0.2857142857142857,0.4545454545454546,0.5454545454545454,0.0512088304237458,0.0673625262741146,0.8571428571428572,0.6897470039946738,0.0,0.25,0.0,0.4166666666666666,0.0,0.2982456140350877,0.4,0.3173652694610778,0.183673469387755,0.7777777777777778,0.3297442799461642,0.973469387755102,0.0,1.0,0.9999999999999998,0.0,0.25,0.25,0.3033846615100853,0.9714321843083327
113,1708,2125,2023-wimbledon-1309,Jannik Sinner,Quentin Halys,01:44:48,4,1,154,2,1,0.0,0.0,40,AD,2,2,1,82,72,0,0,0,0,1,0,B,0,0,0,0,0,0,0,0,0,0,0,0,0,0,0.2428798004581869,22.668,6,0.4492753623188406,W,CTL,ND,0.3333333333333333,0.2857142857142857,0.5454545454545455,0.4545454545454545,0.4027523972407499,0.1595105812364567,0.8571428571428572,0.6897470039946738,0.0,0.25,0.0,0.4166666666666666,0.0,0.2982456140350877,0.4,0.3173652694610778,0.183673469387755,0.7777777777777778,0.3297442799461642,0.973469387755102,0.0,1.0,0.0,0.9999999999999998,1.0,1.0,0.4115453749118878,1.0482108379735968
114,1709,2126,2023-wimbledon-1309,Jannik Sinner,Quentin Halys,01:45:42,4,1,155,2,1,0.0,0.0,40,40,2,1,2,82,73,0,0,0,0,0,0,0,0,0,0,0,0,0,0,0,0,0,0,0,0,0,0.0258848567826593,3.091,1,0.5942028985507246,W,CTL,ND,0.3333333333333333,0.3571428571428571,0.4545454545454546,0.5454545454545454,0.0293592314820448,0.0386205266890841,0.8571428571428572,0.6897470039946738,0.0,0.25,0.0,0.4166666666666666,0.0,0.2982456140350877,0.4,0.3173652694610778,0.183673469387755,0.7777777777777778,0.3297442799461642,0.973469387755102,0.0,1.0,0.0,0.9999999999999998,1.0,1.0,0.37849652356614494,1.0459388259597564
115,1710,2129,2023-wimbledon-1309,Jannik Sinner,Quentin Halys,01:47:40,4,2,158,2,1,0.0,0.1666666666666666,15,0,1,2,2,83,75,0,0,0,0,0,0,0,0,0,0,0,0,0,0,0,0,0,0,0,0,0,0.0376038715449578,5.61,2,0.289855072463768,B,NCTL,ND,0.0,0.0714285714285714,0.3636363636363636,0.6363636363636364,0.0,0.0214594098604356,1.0,0.6897470039946738,0.0,0.25,0.0,0.4166666666666666,0.0,0.2982456140350877,0.4,0.3173652694610778,0.183673469387755,0.7777777777777778,0.3297442799461642,0.973469387755102,1.0,0.0,0.9999999999999998,0.0,0.0,0.0,0.8374626236825097,0.3114588576261274
116,1711,2131,2023-wimbledon-1309,Jannik Sinner,Quentin Halys,01:48:53,4,2,160,2,1,0.0,0.1666666666666666,15,30,1,2,2,83,77,0,0,0,0,0,0,0,0,0,0,0,0,0,0,0,0,0,0,0,0,0,0.0548604427333974,8.514,2,0.2173913043478261,BC,NCTL,D,0.0,0.1428571428571428,0.2727272727272727,0.7272727272727273,0.0,0.0307950631614462,1.0,0.6897470039946738,0.0,0.25,0.0,0.4166666666666666,0.0,0.2982456140350877,0.4,0.3173652694610778,0.183673469387755,0.7777777777777778,0.3297442799461642,0.973469387755102,1.0,0.0,0.9999999999999998,0.0,0.25,0.25,0.9049174399707648,0.38833802448561877
117,1712,2132,2023-wimbledon-1309,Jannik Sinner,Quentin Halys,01:49:32,4,2,161,2,1,0.0,0.1666666666666666,15,40,1,1,1,84,77,0,0,0,0,1,0,F,0,0,0,0,0,0,0,0,0,1,0,0,0,1,0.0674199189361384,11.133,3,0.7681159420289856,C,NCTL,D,0.0666666666666666,0.1428571428571428,0.3636363636363636,0.6363636363636364,0.0927387981182887,0.0868397345542787,1.0,0.6897470039946738,0.0,0.25,0.0,0.4166666666666666,0.0,0.2982456140350877,0.4,0.3173652694610778,0.183673469387755,0.7777777777777778,0.3297442799461642,0.973469387755102,1.0,0.0,0.9999999999999998,0.0,0.0,0.0,0.858941388028247,0.33053527956418993
118,1713,2133,2023-wimbledon-1309,Jannik Sinner,Quentin Halys,01:50:09,4,2,162,2,1,0.0,0.1666666666666666,30,40,1,1,2,84,78,2,0,0,0,0,0,0,0,0,0,0,1,0,0,0,0,1,0,1,0,0,0.1225447003483847,16.537,4,0.6956521739130435,C,NCTL,ND,0.0666666666666666,0.2142857142857142,0.2727272727272727,0.7272727272727273,0.0590631557507576,0.2461110150842926,1.0,0.6897470039946738,0.0,0.25,0.0,0.4166666666666666,0.5,0.3157894736842105,0.4,0.3173652694610778,0.2040816326530612,0.7,0.3297442799461642,0.973469387755102,1.0,0.0,0.9999999999999998,0.0,0.0,0.0,0.8491484682316748,0.42553311378652636
119,1714,2135,2023-wimbledon-1309,Jannik Sinner,Quentin Halys,01:51:08,4,3,164,2,1,0.0,0.3333333333333333,0,15,2,2,2,84,80,0,0,0,0,0,0,0,0,0,1,0,1,0,0,0,0,0,0,0,0,0,0.0818162100611368,12.049,3,0.318840579710145,BW,NCTL,D,0.0,0.0714285714285714,0.3636363636363636,0.6363636363636364,0.0,0.0447819159973844,0.8571428571428572,0.6897470039946738,0.0,0.25,0.0,0.4166666666666666,0.5,0.3157894736842105,0.4,0.3173652694610778,0.2244897959183673,0.6363636363636364,0.3297442799461642,0.973469387755102,0.0,1.0,0.9999999999999998,0.0,0.75,0.75,0.4337200943867417,1.2863717817310492
120,1715,2136,2023-wimbledon-1309,Jannik Sinner,Quentin Halys,01:51:41,4,3,165,2,1,0.0,0.3333333333333333,0,30,2,1,1,85,80,0,0,0,0,1,0,F,0,0,0,0,0,0,0,0,0,0,0,0,0,0,0.0277081158752321,3.179,2,0.4927536231884057,W,CTL,ND,0.0666666666666666,0.0714285714285714,0.4545454545454546,0.5454545454545454,0.0511646491811941,0.0253030572531513,0.8571428571428572,0.6897470039946738,0.0,0.25,0.0,0.4166666666666666,0.5,0.3157894736842105,0.4,0.3173652694610778,0.2244897959183673,0.6363636363636364,0.3297442799461642,0.973469387755102,0.0,1.0,0.0,0.9999999999999998,1.0,1.0,0.3768396022897742,1.2146835078748974
121,1716,2138,2023-wimbledon-1309,Jannik Sinner,Quentin Halys,01:52:42,4,3,167,2,1,0.0,0.3333333333333333,30,30,2,2,2,86,81,0,0,0,0,0,0,0,0,0,1,0,0,0,0,0,0,0,0,0,0,0,0.0898819287234475,12.394,3,0.4927536231884057,BC,NCTL,ND,0.0666666666666666,0.1428571428571428,0.3636363636363636,0.6363636363636364,0.060544050950187,0.1622183414553673,0.7142857142857143,0.6897470039946738,0.0,0.25,0.0,0.4166666666666666,0.5,0.3157894736842105,0.4,0.3173652694610778,0.2244897959183673,0.6363636363636364,0.3297442799461642,0.973469387755102,0.0,1.0,0.9999999999999998,0.0,0.25,0.25,0.2961770297560767,1.1539778363128612
122,1717,2141,2023-wimbledon-1309,Jannik Sinner,Quentin Halys,01:54:33,4,3,170,2,1,0.0,0.3333333333333333,40,AD,2,2,1,88,82,0,0,0,0,1,0,F,0,0,0,0,0,0,0,0,0,0,0,0,0,0,0.0619094741693665,8.753,4,0.4057971014492754,B,NCTL,ND,0.1333333333333333,0.1428571428571428,0.4545454545454546,0.5454545454545454,0.1106375147054794,0.0547148746984487,0.7142857142857143,0.6897470039946738,0.0,0.25,0.0,0.4166666666666666,0.5,0.3157894736842105,0.4,0.3173652694610778,0.2244897959183673,0.6363636363636364,0.3297442799461642,0.973469387755102,0.0,1.0,0.9999999999999998,0.0,0.0,0.0,0.22867578179566272,1.0640334429042184
123,1718,2142,2023-wimbledon-1309,Jannik Sinner,Quentin Halys,01:55:11,4,3,171,2,1,0.0,0.3333333333333333,40,40,2,1,1,89,82,0,0,0,0,0,0,0,0,0,0,0,0,0,0,0,0,0,0,0,0,0,0.0208014206509508,3.309,2,0.8115942028985508,C,NCTL,D,0.2,0.1428571428571428,0.5454545454545455,0.4545454545454545,0.0448798637515033,0.0147495638083875,0.7142857142857143,0.6897470039946738,0.0,0.25,0.0,0.4166666666666666,0.0,0.3157894736842105,0.4,0.3173652694610778,0.2244897959183673,0.6363636363636364,0.3297442799461642,0.973469387755102,0.0,1.0,0.9999999999999998,0.0,0.0,0.0,0.23851878373161026,0.9895388902775839
124,1719,2143,2023-wimbledon-1309,Jannik Sinner,Quentin Halys,01:55:38,4,3,172,2,1,0.0,0.3333333333333333,AD,40,2,1,1,90,82,1,0,0,0,0,0,0,0,0,0,0,0,0,0,0,1,0,1,0,0,0,0.0985305480621941,14.581,4,0.7681159420289856,W,NCTL,D,0.2666666666666666,0.1428571428571428,0.6363636363636365,0.3636363636363636,0.2187396597281336,0.0531099090645198,0.7142857142857143,0.6897470039946738,1.0,0.375,0.0,0.4166666666666666,0.0,0.3157894736842105,0.4,0.3173652694610778,0.2244897959183673,0.6363636363636364,0.3297442799461642,0.973469387755102,0.0,1.0,0.9999999999999998,0.0,1.0,1.0,0.7132018192513584,1.2825031983420725
125,1720,2145,2023-wimbledon-1309,Jannik Sinner,Quentin Halys,01:57:49,4,4,174,2,1,0.1666666666666666,0.3333333333333333,15,0,1,1,2,91,83,0,0,0,0,0,0,0,0,0,1,0,0,0,0,0,0,0,0,0,0,0,0.0159823231980913,5.171,2,0.7536231884057971,W,CTL,ND,0.0,0.0714285714285714,0.3636363636363636,0.6363636363636364,0.0,0.0093147360874791,0.8571428571428572,0.6897470039946738,1.0,0.375,0.0,0.4166666666666666,0.0,0.3157894736842105,0.4,0.3173652694610778,0.2244897959183673,0.6363636363636364,0.3297442799461642,0.973469387755102,1.0,0.0,0.0,0.9999999999999998,1.0,1.0,1.2085277853829643,0.5218706685674681
126,1721,2146,2023-wimbledon-1309,Jannik Sinner,Quentin Halys,01:58:12,4,4,175,2,1,0.1666666666666666,0.3333333333333333,15,15,1,1,1,92,83,0,0,0,0,1,0,F,0,0,0,0,1,0,1,0,0,0,0,0,0,0,0.0955618213612764,18.557,5,0.5652173913043479,W,CTL,D,0.0666666666666666,0.0714285714285714,0.4545454545454546,0.5454545454545454,0.1655313743670881,0.0818621823824164,0.8571428571428572,0.6897470039946738,1.0,0.375,0.0,0.4166666666666666,0.0,0.3157894736842105,0.4,0.3173652694610778,0.2448979591836734,0.6666666666666666,0.3297442799461642,0.973469387755102,1.0,0.0,0.0,0.9999999999999998,1.0,1.0,1.2237633323285724,0.5186854172470245
127,1722,2147,2023-wimbledon-1309,Jannik Sinner,Quentin Halys,01:58:45,4,4,176,2,1,0.1666666666666666,0.3333333333333333,30,15,1,2,2,92,84,0,0,0,0,0,1,B,0,0,0,0,0,0,0,0,0,0,0,0,0,0,0.0206523065244207,4.336,2,0.3768115942028986,B,NCTL,D,0.0666666666666666,0.1428571428571428,0.3636363636363636,0.6363636363636364,0.0148548847014467,0.0398013466386982,0.8571428571428572,0.6897470039946738,1.0,0.375,0.0,0.4166666666666666,0.0,0.3157894736842105,0.4,0.3173652694610778,0.2448979591836734,0.6666666666666666,0.3297442799461642,0.973469387755102,1.0,0.0,0.9999999999999998,0.0,0.0,0.0,1.0501687340147448,0.3632329276931082
128,1723,2148,2023-wimbledon-1309,Jannik Sinner,Quentin Halys,01:59:39,4,4,177,2,1,0.1666666666666666,0.3333333333333333,30,30,1,2,2,92,85,0,0,0,0,0,0,0,0,0,1,0,0,0,0,0,0,0,0,0,0,0,0.1431698952134365,24.623,8,0.536231884057971,B,NCTL,ND,0.0666666666666666,0.2142857142857142,0.2727272727272727,0.7272727272727273,0.067758952792694,0.2823456424040576,0.7142857142857143,0.6897470039946738,1.0,0.375,0.0,0.4166666666666666,0.0,0.3157894736842105,0.4,0.3173652694610778,0.2448979591836734,0.6666666666666666,0.3297442799461642,0.973469387755102,1.0,0.0,0.9999999999999998,0.0,0.0,0.0,1.0548036547851087,0.39327812031436366
129,1724,2151,2023-wimbledon-1309,Jannik Sinner,Quentin Halys,02:01:41,4,4,180,2,1,0.1666666666666666,0.3333333333333333,AD,40,1,1,1,95,85,1,0,0,0,0,0,0,0,0,0,0,0,0,0,0,0,0,0,0,0,0,0.0199135138066124,4.566,1,0.7101449275362319,B,NCTL,D,0.1333333333333333,0.2142857142857142,0.3636363636363636,0.6363636363636364,0.0318554573814858,0.0231223167704281,0.7142857142857143,0.6897470039946738,0.0,0.375,0.5,0.4583333333333333,0.0,0.3157894736842105,0.4,0.3173652694610778,0.2448979591836734,0.6666666666666666,0.3297442799461642,0.973469387755102,1.0,0.0,0.9999999999999998,0.0,0.0,0.0,0.9374873173656685,0.3710627064931092
130,1725,2155,2023-wimbledon-1309,Jannik Sinner,Quentin Halys,02:04:01,4,5,184,2,1,0.3333333333333333,0.3333333333333333,15,30,2,1,1,97,87,0,0,0,0,0,0,0,0,0,0,1,0,0,0,0,0,0,0,0,0,0,0.2755561279128088,40.948,12,0.3768115942028986,C,NCTL,ND,0.0666666666666666,0.0,0.5454545454545455,0.4545454545454545,0.1585948367923632,0.0,1.0,0.6884154460719041,0.0,0.375,0.5,0.4583333333333333,0.0,0.3157894736842105,0.4,0.3173652694610778,0.2448979591836734,0.6666666666666666,0.3297442799461642,0.973469387755102,0.0,1.0,0.9999999999999998,0.0,0.0,0.0,0.37025222968072213,0.9761192240015116
131,1726,2158,2023-wimbledon-1309,Jannik Sinner,Quentin Halys,02:05:26,4,5,187,2,1,0.3333333333333333,0.3333333333333333,40,40,2,2,2,98,89,0,0,0,0,0,0,0,0,0,0,0,0,0,0,0,0,0,0,0,0,0,0.0270167685613198,4.216,1,0.5217391304347827,BW,NCTL,D,0.0666666666666666,0.0714285714285714,0.4545454545454546,0.5454545454545454,0.030609300412789,0.040264926697733,1.0,0.6884154460719041,0.0,0.375,0.5,0.4583333333333333,0.0,0.3157894736842105,0.4,0.3173652694610778,0.2448979591836734,0.6666666666666666,0.3297442799461642,0.973469387755102,0.0,1.0,0.9999999999999998,0.0,0.75,0.75,0.5800854478742222,1.2093310723347879
132,1727,2159,2023-wimbledon-1309,Jannik Sinner,Quentin Halys,02:06:09,4,5,188,2,1,0.3333333333333333,0.3333333333333333,40,AD,2,1,2,98,90,2,0,0,0,0,0,0,0,0,1,0,0,0,0,0,0,0,0,0,0,0,0.0967615122883595,19.32,5,0.8260869565217392,C,NCTL,ND,0.0666666666666666,0.1428571428571428,0.3636363636363636,0.6363636363636364,0.0647692681723968,0.1735391519944484,0.8571428571428572,0.6884154460719041,0.0,0.375,0.5,0.4583333333333333,0.0,0.3157894736842105,0.6000000000000001,0.3203592814371258,0.2448979591836734,0.6666666666666666,0.3297442799461642,0.973469387755102,0.0,1.0,0.9999999999999998,0.0,0.0,0.0,0.36578260761762255,1.0253518598763178
133,1728,2160,2023-wimbledon-1309,Jannik Sinner,Quentin Halys,02:07:55,4,6,189,2,1,0.3333333333333333,0.5,0,0,1,2,1,99,90,0,0,0,0,1,0,F,0,0,0,0,1,0,1,0,0,0,0,0,0,0,0.2239829738779161,24.76,9,0.4202898550724638,BC,NCTL,D,0.0666666666666666,0.0,0.5454545454545455,0.4545454545454545,0.134343968865552,0.0,1.0,0.6884154460719041,0.0,0.375,0.5,0.4583333333333333,0.0,0.3157894736842105,0.6000000000000001,0.3203592814371258,0.2653061224489795,0.6923076923076923,0.3297442799461642,0.973469387755102,1.0,0.0,0.9999999999999998,0.0,0.25,0.25,1.0696579106320736,0.48599048317099264
134,1729,2162,2023-wimbledon-1309,Jannik Sinner,Quentin Halys,02:09:16,4,6,191,2,1,0.3333333333333333,0.5,30,0,1,1,1,101,90,0,0,0,0,0,0,0,0,0,0,0,0,0,0,0,0,0,0,0,0,0,0.0224552318724667,3.749,1,0.7681159420289856,BC,CTL,D,0.1333333333333333,0.0,0.6363636363636365,0.3636363636363636,0.0161232202536924,0.0,1.0,0.6884154460719041,0.0,0.375,0.0,0.4583333333333333,0.0,0.3157894736842105,0.6000000000000001,0.3203592814371258,0.2653061224489795,0.6923076923076923,0.3297442799461642,0.973469387755102,1.0,0.0,0.0,0.9999999999999998,0.25,0.25,0.8969340819953652,0.3470842522950925
135,1730,2163,2023-wimbledon-1309,Jannik Sinner,Quentin Halys,02:09:34,4,6,192,2,1,0.3333333333333333,0.5,40,0,1,2,2,101,91,0,0,0,0,0,1,F,0,0,0,0,0,1,0,1,0,0,0,0,0,0,0.0682332687172117,11.218,4,0.318840579710145,BW,NCTL,D,0.1333333333333333,0.0714285714285714,0.5454545454545455,0.4545454545454545,0.1088823255489283,0.0756444153527327,1.0,0.6884154460719041,0.0,0.375,0.0,0.4583333333333333,0.0,0.3157894736842105,0.6000000000000001,0.3203592814371258,0.2653061224489795,0.6923076923076923,0.3310901749663526,0.975609756097561,1.0,0.0,0.9999999999999998,0.0,0.75,0.75,1.1801074130365463,0.6374710781186611
136,1731,2164,2023-wimbledon-1309,Jannik Sinner,Quentin Halys,02:10:10,4,6,193,2,1,0.3333333333333333,0.5,40,15,1,1,1,102,91,1,0,0,0,1,0,F,0,0,0,0,0,0,0,0,0,0,0,0,0,0,0.0305616180238311,7.765,3,0.7536231884057971,C,NCTL,ND,0.2,0.0714285714285714,0.6363636363636365,0.3636363636363636,0.0828904099924558,0.0129409568852106,1.0,0.6884154460719041,0.0,0.375,0.5,0.5,0.0,0.3157894736842105,0.6000000000000001,0.3203592814371258,0.2653061224489795,0.6923076923076923,0.3310901749663526,0.975609756097561,1.0,0.0,0.9999999999999998,0.0,0.0,0.0,1.0055979587618467,0.41845301309787175
137,1732,2165,2023-wimbledon-1309,Jannik Sinner,Quentin Halys,02:11:09,4,7,194,2,1,0.5,0.5,0,0,2,1,2,102,92,0,0,0,0,0,0,0,0,0,0,0,0,0,0,0,0,0,0,0,0,0,0.0115224552318724,2.088,1,0.7826086956521741,C,NCTL,ND,0.0,0.0714285714285714,0.3636363636363636,0.6363636363636364,0.0,0.0067450674787459,1.0,0.6884154460719041,0.0,0.375,0.5,0.5,0.0,0.3157894736842105,0.4,0.3203592814371258,0.2653061224489795,0.6923076923076923,0.3310901749663526,0.975609756097561,0.0,1.0,0.9999999999999998,0.0,0.0,0.0,0.4082395927556017,1.0437948072011607
138,1733,2166,2023-wimbledon-1309,Jannik Sinner,Quentin Halys,02:11:27,4,7,195,2,1,0.5,0.5,0,15,2,1,1,103,92,0,0,0,0,0,0,0,0,0,0,1,0,0,0,0,0,0,0,0,0,0,0.0587780775122341,9.15,2,0.7971014492753623,C,NCTL,ND,0.0666666666666666,0.0714285714285714,0.4545454545454546,0.5454545454545454,0.1053521076597118,0.0521010200307141,1.0,0.6870838881491345,0.0,0.375,0.5,0.5,0.0,0.3157894736842105,0.4,0.3203592814371258,0.2653061224489795,0.6923076923076923,0.3310901749663526,0.975609756097561,0.0,1.0,0.9999999999999998,0.0,0.0,0.0,0.42219693849098094,1.043877883301646
139,1734,2167,2023-wimbledon-1309,Jannik Sinner,Quentin Halys,02:11:50,4,7,196,2,1,0.5,0.5,15,15,2,2,2,103,93,0,0,0,0,0,0,0,0,0,0,0,0,0,0,0,0,0,0,0,0,0,0.0169380091908525,2.95,1,0.536231884057971,W,CTL,ND,0.0666666666666666,0.1428571428571428,0.3636363636363636,0.6363636363636364,0.0122277465598648,0.0327623397435008,1.0,0.6870838881491345,0.0,0.375,0.5,0.5,0.0,0.3157894736842105,0.4,0.3203592814371258,0.2653061224489795,0.6923076923076923,0.3310901749663526,0.975609756097561,0.0,1.0,0.0,0.9999999999999998,1.0,1.0,0.5532516587359563,1.1900162989162644
140,1735,2169,2023-wimbledon-1309,Jannik Sinner,Quentin Halys,02:12:54,4,7,198,2,1,0.5,0.5,15,40,2,2,2,103,95,2,0,0,0,0,0,0,0,0,0,0,0,0,0,0,0,0,0,0,0,0,0.0198660684027166,4.524,1,0.536231884057971,BC,NCTL,ND,0.0666666666666666,0.2142857142857142,0.2727272727272727,0.7272727272727273,0.0105388819791876,0.0439146013920558,1.0,0.6870838881491345,0.0,0.375,0.5,0.5,0.0,0.3157894736842105,0.6000000000000001,0.3233532934131736,0.2653061224489795,0.6923076923076923,0.3310901749663526,0.975609756097561,0.0,1.0,0.9999999999999998,0.0,0.25,0.25,0.47177059431846863,1.1311298243537542
141,1736,2171,2023-wimbledon-1309,Jannik Sinner,Quentin Halys,02:15:00,4,8,200,2,1,0.5,0.6666666666666666,15,0,1,2,1,105,95,0,0,0,0,0,0,0,0,0,0,0,0,0,0,0,0,0,0,0,0,0,0.2763694776938821,42.915,11,0.3623188405797102,B,NCTL,D,0.0666666666666666,0.0,0.5454545454545455,0.4545454545454545,0.1589615950617657,0.0,1.0,0.6870838881491345,0.0,0.375,0.0,0.5,0.0,0.3157894736842105,0.6000000000000001,0.3233532934131736,0.2653061224489795,0.6923076923076923,0.3310901749663526,0.975609756097561,1.0,0.0,0.9999999999999998,0.0,0.0,0.0,1.0120296108254787,0.4577588555594579
142,1737,2172,2023-wimbledon-1309,Jannik Sinner,Quentin Halys,02:16:01,4,8,201,2,1,0.5,0.6666666666666666,30,0,1,1,1,106,95,0,0,0,0,0,0,0,0,0,0,0,0,0,0,0,0,0,0,0,0,0,0.0269625452425815,4.674,1,0.5942028985507246,W,CTL,ND,0.1333333333333333,0.0,0.6363636363636365,0.3636363636363636,0.0192745757068277,0.0,1.0,0.6870838881491345,0.0,0.375,0.0,0.5,0.0,0.3157894736842105,0.6000000000000001,0.3233532934131736,0.2653061224489795,0.6923076923076923,0.3310901749663526,0.975609756097561,1.0,0.0,0.0,0.9999999999999998,1.0,1.0,1.1613397519967152,0.6107302990273026
143,1738,2173,2023-wimbledon-1309,Jannik Sinner,Quentin Halys,02:16:21,4,8,202,2,1,0.5,0.6666666666666666,40,0,1,2,1,107,95,1,0,0,0,1,0,B,0,0,0,0,0,0,0,0,0,0,0,0,0,0,0.0342284699535034,7.828,3,0.318840579710145,BW,NCTL,D,0.2,0.0,0.7272727272727273,0.2727272727272727,0.0242968259040379,0.0,1.0,0.6870838881491345,0.0,0.375,0.5,0.5416666666666666,0.0,0.3157894736842105,0.6000000000000001,0.3233532934131736,0.2653061224489795,0.6923076923076923,0.3310901749663526,0.975609756097561,1.0,0.0,0.9999999999999998,0.0,0.75,0.75,1.261610263580084,0.6692748306998113
144,1739,2174,2023-wimbledon-1309,Jannik Sinner,Quentin Halys,02:17:21,4,9,203,2,1,0.6666666666666666,0.6666666666666666,0,0,2,1,1,108,95,0,0,0,0,0,0,0,0,0,0,1,0,0,0,0,0,0,0,0,0,0,0.0482723095067033,23.351,4,0.7681159420289856,B,CTL,D,0.0666666666666666,0.0,0.5454545454545455,0.4545454545454545,0.0338066788394152,0.0,1.0,0.6857523302263648,0.0,0.375,0.5,0.5416666666666666,0.0,0.3157894736842105,0.6000000000000001,0.3233532934131736,0.2653061224489795,0.6923076923076923,0.3310901749663526,0.975609756097561,0.0,1.0,0.0,0.9999999999999998,0.0,0.0,0.3227515466013293,0.9497571633291519
145,1740,2175,2023-wimbledon-1309,Jannik Sinner,Quentin Halys,02:17:51,4,9,204,2,1,0.6666666666666666,0.6666666666666666,15,0,2,2,2,108,96,0,0,0,0,0,0,0,0,0,0,0,0,0,0,0,0,0,0,0,0,0,0.0305887296832002,5.914,1,0.5507246376811594,BW,CTL,ND,0.0666666666666666,0.0714285714285714,0.4545454545454546,0.5454545454545454,0.0345361235008817,0.0454304561827177,1.0,0.6857523302263648,0.0,0.375,0.5,0.5416666666666666,0.0,0.3157894736842105,0.4,0.3233532934131736,0.2653061224489795,0.6923076923076923,0.3310901749663526,0.975609756097561,0.0,1.0,0.0,0.9999999999999998,0.75,0.75,0.5337846364747644,1.1605035313651333
146,1741,2177,2023-wimbledon-1309,Jannik Sinner,Quentin Halys,02:18:57,4,9,206,2,1,0.6666666666666666,0.6666666666666666,15,30,2,2,1,109,97,0,0,0,0,0,0,0,0,0,0,1,0,0,0,0,0,0,0,0,0,0,0.0647765321476501,11.007,4,0.6231884057971016,BC,NCTL,ND,0.1333333333333333,0.0714285714285714,0.5454545454545455,0.4545454545454545,0.1483638161193821,0.036022680077124,1.0,0.6844207723035951,0.0,0.375,0.5,0.5416666666666666,0.0,0.3157894736842105,0.4,0.3233532934131736,0.2653061224489795,0.6923076923076923,0.3310901749663526,0.975609756097561,0.0,1.0,0.9999999999999998,0.0,0.25,0.25,0.5468497850719295,1.1541413780885128
147,1742,2178,2023-wimbledon-1309,Jannik Sinner,Quentin Halys,02:19:40,4,9,207,2,1,0.6666666666666666,0.6666666666666666,30,30,2,2,1,110,97,0,0,0,0,0,0,0,0,0,0,1,0,0,0,0,0,0,0,0,0,0,0.1508967181336333,24.343,8,0.6086956521739131,BC,CTL,ND,0.2,0.0714285714285714,0.6363636363636365,0.3636363636363636,0.3664758415342484,0.0572146773697664,1.0,0.6830892143808256,0.0,0.375,0.5,0.5416666666666666,0.0,0.3157894736842105,0.4,0.3233532934131736,0.2653061224489795,0.6923076923076923,0.3310901749663526,0.975609756097561,0.0,1.0,0.0,0.9999999999999998,0.25,0.25,0.42559795214478957,1.0069920159804304
148,1743,2179,2023-wimbledon-1309,Jannik Sinner,Quentin Halys,02:20:36,4,9,208,2,1,0.6666666666666666,0.6666666666666666,40,30,2,1,1,111,97,1,0,0,0,0,0,0,0,0,0,0,1,0,1,0,1,0,1,0,0,0,0.2843538613780856,32.657,6,0.7681159420289856,C,NCTL,D,0.2666666666666666,0.0714285714285714,0.7272727272727273,0.2727272727272727,0.6777682535241066,0.07668656030047,1.0,0.6830892143808256,1.0,0.5,0.0,0.5416666666666666,0.0,0.3157894736842105,0.4,0.3233532934131736,0.2857142857142857,0.7142857142857143,0.3310901749663526,0.975609756097561,0.0,1.0,0.9999999999999998,0.0,0.0,0.0,0.6628639896410811,1.07936944995849
149,1744,2180,2023-wimbledon-1309,Jannik Sinner,Quentin Halys,02:22:27,4,10,209,2,1,0.8333333333333333,0.6666666666666666,0,0,1,1,1,112,97,0,0,0,0,1,0,F,0,0,0,0,0,0,0,0,0,0,0,0,0,0,0.1119643752795889,18.501,5,0.7101449275362319,BW,NCTL,ND,0.0666666666666666,0.0,0.5454545454545455,0.4545454545454545,0.0739209486893481,0.0,1.0,0.6830892143808256,1.0,0.5,0.0,0.5416666666666666,0.0,0.3157894736842105,0.4,0.3233532934131736,0.2857142857142857,0.7142857142857143,0.3310901749663526,0.975609756097561,1.0,0.0,0.9999999999999998,0.0,0.75,0.75,1.4929455739248185,0.675969403604335
150,1745,2181,2023-wimbledon-1309,Jannik Sinner,Quentin Halys,02:22:56,4,10,210,2,1,0.8333333333333333,0.6666666666666666,15,0,1,1,1,113,97,0,0,0,0,0,0,0,0,0,0,0,0,0,0,0,0,0,0,0,0,0,0.1026311865417723,18.803,3,0.7826086956521741,BC,NCTL,ND,0.1333333333333333,0.0,0.6363636363636365,0.3636363636363636,0.0683325491626261,0.0,1.0,0.6830892143808256,1.0,0.5,0.0,0.5416666666666666,0.0,0.3157894736842105,0.4,0.3233532934131736,0.2857142857142857,0.7142857142857143,0.3310901749663526,0.975609756097561,1.0,0.0,0.9999999999999998,0.0,0.25,0.25,1.3512224174104488,0.5261323747916289
151,1746,2182,2023-wimbledon-1309,Jannik Sinner,Quentin Halys,02:23:23,4,10,211,2,1,0.8333333333333333,0.6666666666666666,30,0,1,2,1,114,97,0,0,0,0,1,0,F,0,0,0,0,0,0,0,0,0,0,0,0,0,0,0.1361479754368365,18.908,7,0.4202898550724638,BC,NCTL,ND,0.2,0.0,0.7272727272727273,0.2727272727272727,0.0879741001027319,0.0,1.0,0.6830892143808256,1.0,0.5,0.0,0.5416666666666666,0.0,0.3157894736842105,0.4,0.3233532934131736,0.2857142857142857,0.7142857142857143,0.3310901749663526,0.975609756097561,1.0,0.0,0.9999999999999998,0.0,0.25,0.25,1.3471468660053973,0.5117275138812863
152,1747,2183,2023-wimbledon-1309,Jannik Sinner,Quentin Halys,02:24:10,4,10,212,2,1,0.8333333333333333,0.6666666666666666,40,0,1,2,2,114,98,0,0,0,0,0,0,0,0,0,0,0,0,0,0,0,0,0,0,0,0,0,0.0397118030609063,6.011,2,0.2753623188405798,B,NCTL,ND,0.2,0.0714285714285714,0.6363636363636365,0.3636363636363636,0.0787195310698692,0.0392839044034169,1.0,0.6830892143808256,1.0,0.5,0.0,0.5416666666666666,0.0,0.3157894736842105,0.4,0.3233532934131736,0.2857142857142857,0.7142857142857143,0.3310901749663526,0.975609756097561,1.0,0.0,0.9999999999999998,0.0,0.0,0.0,1.2642132791770688,0.4416606698896653
153,1748,2184,2023-wimbledon-1309,Jannik Sinner,Quentin Halys,02:24:44,4,10,213,2,1,0.8333333333333333,0.6666666666666666,40,15,1,2,1,115,98,1,1,0,0,1,0,F,0,0,0,0,0,0,0,0,0,0,0,0,0,0,0.0270709918800579,6.655,3,0.4202898550724638,BC,CTL,ND,0.2666666666666666,0.0714285714285714,0.7272727272727273,0.2727272727272727,0.0806882866340243,0.0091295322941555,1.0,0.6830892143808256,0.0,0.5,0.5,0.5833333333333333,0.0,0.3157894736842105,0.4,0.3233532934131736,0.2857142857142857,0.7142857142857143,0.3310901749663526,0.975609756097561,1.0,0.0,0.0,0.9999999999999998,0.25,0.25,1.078889515069328,0.3682267758836331
