Unnamed: 0.1,Unnamed: 0,match_id,player1,player2,elapsed_time,set_no,game_no,point_no,p1_sets,p2_sets,p1_games,p2_games,p1_score,p2_score,server,serve_no,point_victor,p1_points_won,p2_points_won,game_victor,set_victor,p1_ace,p2_ace,p1_winner,p2_winner,winner_shot_type,p1_double_fault,p2_double_fault,p1_unf_err,p2_unf_err,p1_net_pt,p2_net_pt,p1_net_pt_won,p2_net_pt_won,p1_break_pt,p2_break_pt,p1_break_pt_won,p2_break_pt_won,p1_break_pt_missed,p2_break_pt_missed,p1_distance_run,p2_distance_run,rally_count,speed_mph,serve_width,serve_depth,return_depth,P1S,P2S,SGA,SGA1,RE,RE1,Unf_err_cnt,Unf_err_cnt1,STB,LTB,STH,LTH,STB1,LTB1,STH1,LTH1,Net-cnt,Net-sc-rate,Net-cnt1,Net-sc-rate1,BTS,BTS1,SD,SD1,SW,SW1
3099,4287,2023-wimbledon-1403,Daniil Medvedev,Jiri Lehecka,00:00:00,1,1,1,0,0,0.0,0.0,0,0,2,1,2,0,1,0,0,0,0,0,0,0,0,0,0,0,0,0,0,0,0,0,0,0,0,0,0.100408030473505,18.557,3,0.5797101449275364,W,CTL,ND,0.0,0.07142857142857142,0.36363636363636365,0.6363636363636364,0.0,0.05402956797989904,1.0,0.4234354194407456,0.0,0.0,0.0,0.0,0.0,0.5789473684210527,0.6000000000000001,0.5718562874251497,0.0,0.0,0.5733512786002691,0.9788732394366197,0.0,1.0,0.0,0.9999999999999998,1.0,1.0
3100,4288,2023-wimbledon-1403,Daniil Medvedev,Jiri Lehecka,00:00:26,1,1,2,0,0,0.0,0.0,0,15,2,2,1,1,1,0,0,0,0,0,0,0,0,0,0,1,0,1,0,0,0,0,0,0,0,0,0.1687836354024047,22.571,6,0.4057971014492754,B,NCTL,ND,0.06666666666666667,0.07142857142857142,0.4545454545454546,0.5454545454545454,0.2740494950953932,0.13552892818709497,1.0,0.42210386151797596,0.0,0.0,0.0,0.0,0.0,0.5789473684210527,0.6000000000000001,0.5718562874251497,0.0,0.0,0.5746971736204576,0.9765807962529274,0.0,1.0,0.9999999999999998,0.0,0.0,0.0
3101,4289,2023-wimbledon-1403,Daniil Medvedev,Jiri Lehecka,00:01:10,1,1,3,0,0,0.0,0.0,15,15,2,2,2,1,2,0,0,0,0,0,0,0,0,0,0,0,0,0,0,0,0,0,0,0,0,0,0.0227263484661579,5.213,1,0.536231884057971,B,CTL,D,0.06666666666666667,0.14285714285714285,0.36363636363636365,0.6363636363636364,0.016313560618526738,0.04370964124858962,1.0,0.42210386151797596,0.0,0.0,0.0,0.0,0.0,0.5789473684210527,0.6000000000000001,0.5718562874251497,0.0,0.0,0.5746971736204576,0.9765807962529274,0.0,1.0,0.0,0.9999999999999998,0.0,0.0
3102,4290,2023-wimbledon-1403,Daniil Medvedev,Jiri Lehecka,00:01:42,1,1,4,0,0,0.0,0.0,15,30,2,1,1,2,2,0,0,0,0,1,0,B,0,0,0,0,0,1,0,0,0,0,0,0,0,0,0.0379156556277026,7.981,2,0.7536231884057971,W,CTL,ND,0.13333333333333333,0.14285714285714285,0.4545454545454546,0.5454545454545454,0.06932490753409133,0.034284063947990114,1.0,0.42210386151797596,0.0,0.0,0.0,0.0,0.0,0.5789473684210527,0.6000000000000001,0.5718562874251497,0.0,0.0,0.576043068640646,0.9742990654205608,0.0,1.0,0.0,0.9999999999999998,1.0,1.0
3103,4293,2023-wimbledon-1403,Daniil Medvedev,Jiri Lehecka,00:02:58,1,1,7,0,0,0.0,0.0,40,40,2,1,1,4,3,0,0,0,0,0,0,0,0,0,0,1,0,0,0,0,0,0,0,0,0,0,0.2819273678645501,43.622,10,0.7971014492753623,B,NCTL,ND,0.2,0.14285714285714285,0.5454545454545455,0.4545454545454545,0.484365962184394,0.1591846781310795,1.0,0.42077230359520634,0.0,0.0,0.0,0.0,0.0,0.5789473684210527,0.6000000000000001,0.5718562874251497,0.0,0.0,0.576043068640646,0.9742990654205608,0.0,1.0,0.9999999999999998,0.0,0.0,0.0
3104,4294,2023-wimbledon-1403,Daniil Medvedev,Jiri Lehecka,00:03:37,1,1,8,0,0,0.0,0.0,AD,40,2,1,1,5,3,1,0,0,0,0,0,0,0,0,0,1,0,0,0,0,1,0,1,0,0,0,0.0419824045330693,8.473,2,0.8695652173913044,C,NCTL,ND,0.26666666666666666,0.14285714285714285,0.6363636363636365,0.3636363636363636,0.0982597592703013,0.02385743347152201,1.0,0.4194407456724367,1.0,0.125,0.0,0.0,0.0,0.5789473684210527,0.6000000000000001,0.5718562874251497,0.0,0.0,0.576043068640646,0.9742990654205608,0.0,1.0,0.9999999999999998,0.0,0.0,0.0
3105,4295,2023-wimbledon-1403,Daniil Medvedev,Jiri Lehecka,00:04:40,1,2,9,0,0,0.16666666666666666,0.0,0,0,1,2,2,5,4,0,0,0,0,0,0,0,0,0,1,0,0,0,0,0,0,0,0,0,0,0,0.1111442475836733,28.239,6,0.43478260869565233,B,NCTL,ND,0.0,0.07142857142857142,0.36363636363636365,0.6363636363636364,0.0,0.05922885615938376,0.8571428571428572,0.4194407456724367,1.0,0.125,0.0,0.0,0.0,0.5789473684210527,0.6000000000000001,0.5718562874251497,0.0,0.0,0.576043068640646,0.9742990654205608,1.0,0.0,0.9999999999999998,0.0,0.0,0.0
3106,4296,2023-wimbledon-1403,Daniil Medvedev,Jiri Lehecka,00:05:14,1,2,10,0,0,0.16666666666666666,0.0,0,15,1,2,1,6,4,0,0,0,0,0,0,0,0,0,0,0,0,0,0,0,0,0,0,0,0,0,0.0136710542368745,4.835,1,0.46376811594202905,C,NCTL,D,0.06666666666666667,0.07142857142857142,0.4545454545454546,0.5454545454545454,0.02559397566685295,0.012657290570696917,0.8571428571428572,0.4194407456724367,1.0,0.125,0.0,0.0,0.0,0.5789473684210527,0.6000000000000001,0.5718562874251497,0.0,0.0,0.576043068640646,0.9742990654205608,1.0,0.0,0.9999999999999998,0.0,0.0,0.0
3107,4297,2023-wimbledon-1403,Daniil Medvedev,Jiri Lehecka,00:05:45,1,2,11,0,0,0.16666666666666666,0.0,15,15,1,2,2,6,5,0,0,0,0,0,0,0,0,0,0,0,0,1,0,1,0,0,0,0,0,0,0.1058981414957502,17.128,4,0.34782608695652173,BW,NCTL,D,0.06666666666666667,0.14285714285714285,0.36363636363636365,0.6363636363636364,0.07029942203589287,0.1883563367326713,0.8571428571428572,0.4194407456724367,1.0,0.125,0.0,0.0,0.0,0.5789473684210527,0.6000000000000001,0.5718562874251497,0.0,0.0,0.5773889636608345,0.9755244755244754,1.0,0.0,0.9999999999999998,0.0,0.75,0.75
3108,4298,2023-wimbledon-1403,Daniil Medvedev,Jiri Lehecka,00:06:18,1,2,12,0,0,0.16666666666666666,0.0,15,30,1,1,1,7,5,0,0,0,0,0,0,0,0,0,0,0,0,0,0,0,0,0,0,0,0,0,0.0682468245468964,16.566,5,0.7536231884057971,C,NCTL,D,0.13333333333333333,0.14285714285714285,0.4545454545454546,0.5454545454545454,0.12123935858397593,0.059957929560342904,0.8571428571428572,0.4194407456724367,1.0,0.125,0.0,0.0,0.0,0.5789473684210527,0.6000000000000001,0.5718562874251497,0.0,0.0,0.5773889636608345,0.9755244755244754,1.0,0.0,0.9999999999999998,0.0,0.0,0.0
3109,4299,2023-wimbledon-1403,Daniil Medvedev,Jiri Lehecka,00:06:47,1,2,13,0,0,0.16666666666666666,0.0,30,30,1,2,1,8,5,0,0,0,0,0,0,0,0,0,0,1,0,0,0,0,0,0,0,0,0,0,0.1117610378343205,16.704,5,0.3623188405797102,B,NCTL,D,0.2,0.14285714285714285,0.5454545454545455,0.4545454545454545,0.22140059069290013,0.07276230065494003,0.8571428571428572,0.4181091877496671,0.0,0.125,0.0,0.0,0.0,0.5789473684210527,0.6000000000000001,0.5718562874251497,0.0,0.0,0.5773889636608345,0.9755244755244754,1.0,0.0,0.9999999999999998,0.0,0.0,0.0
3110,4300,2023-wimbledon-1403,Daniil Medvedev,Jiri Lehecka,00:07:23,1,2,14,0,0,0.16666666666666666,0.0,40,30,1,1,1,9,5,1,0,0,0,0,0,0,0,0,0,1,0,0,0,0,0,0,0,0,0,0,0.059164418658244,12.933,3,0.6811594202898552,C,NCTL,D,0.26666666666666666,0.14285714285714285,0.6363636363636365,0.3636363636363636,0.13622787771662367,0.033076078689043775,0.8571428571428572,0.4167776298268975,0.0,0.125,0.5,0.041666666666666664,0.0,0.5789473684210527,0.6000000000000001,0.5718562874251497,0.0,0.0,0.5773889636608345,0.9755244755244754,1.0,0.0,0.9999999999999998,0.0,0.0,0.0
3111,4302,2023-wimbledon-1403,Daniil Medvedev,Jiri Lehecka,00:08:18,1,3,16,0,0,0.3333333333333333,0.0,0,15,2,1,2,9,7,0,0,0,0,0,1,B,0,0,0,0,0,1,0,1,0,0,0,0,0,0,0.0832802396670687,12.787,3,0.8115942028985508,W,CTL,ND,0.0,0.07142857142857142,0.36363636363636365,0.6363636363636364,0.0,0.0455216444967934,1.0,0.4167776298268975,0.0,0.125,0.5,0.041666666666666664,0.0,0.5789473684210527,0.6000000000000001,0.5718562874251497,0.0,0.0,0.5787348586810229,0.9767441860465117,0.0,1.0,0.0,0.9999999999999998,1.0,1.0
3112,4303,2023-wimbledon-1403,Daniil Medvedev,Jiri Lehecka,00:08:43,1,3,17,0,0,0.3333333333333333,0.0,0,30,2,1,2,9,8,0,0,0,0,0,0,0,0,0,0,0,0,0,0,0,0,0,0,0,0,0,0.0110208895335439,4.036,1,0.7246376811594204,C,NCTL,D,0.0,0.14285714285714285,0.27272727272727276,0.7272727272727273,0.0,0.006454659216461208,1.0,0.4167776298268975,0.0,0.125,0.5,0.041666666666666664,0.0,0.5789473684210527,0.6000000000000001,0.5718562874251497,0.0,0.0,0.5787348586810229,0.9767441860465117,0.0,1.0,0.9999999999999998,0.0,0.0,0.0
3113,4304,2023-wimbledon-1403,Daniil Medvedev,Jiri Lehecka,00:09:04,1,3,18,0,0,0.3333333333333333,0.0,0,40,2,1,2,9,9,2,0,0,0,0,0,0,0,0,0,0,0,0,0,0,0,0,0,0,0,0,0.0804267375184698,4.72,1,0.6811594202898552,C,NCTL,D,0.0,0.21428571428571427,0.18181818181818188,0.8181818181818181,0.0,0.044078004662015016,1.0,0.4167776298268975,0.0,0.125,0.5,0.041666666666666664,0.0,0.5789473684210527,0.8,0.5748502994011977,0.0,0.0,0.5787348586810229,0.9767441860465117,0.0,1.0,0.9999999999999998,0.0,0.0,0.0
3114,4306,2023-wimbledon-1403,Daniil Medvedev,Jiri Lehecka,00:11:31,1,4,20,0,0,0.3333333333333333,0.16666666666666666,0,15,1,1,1,10,10,0,0,0,0,0,0,0,0,0,0,0,0,1,0,0,0,0,0,0,0,0,0.0713036641407637,17.981,3,0.6666666666666667,BW,NCTL,ND,0.06666666666666667,0.0,0.5454545454545455,0.4545454545454545,0.04886273835234216,0.0,1.0,0.4167776298268975,0.0,0.125,0.5,0.041666666666666664,0.0,0.5789473684210527,0.8,0.5748502994011977,0.0,0.0,0.5800807537012113,0.974477958236659,1.0,0.0,0.9999999999999998,0.0,0.75,0.75
3115,4307,2023-wimbledon-1403,Daniil Medvedev,Jiri Lehecka,00:11:55,1,4,21,0,0,0.3333333333333333,0.16666666666666666,15,15,1,2,2,10,11,0,0,0,0,0,0,0,0,0,0,0,0,0,0,0,0,0,0,0,0,0,0.0493432200517832,10.45,2,0.4492753623188406,BW,NCTL,ND,0.06666666666666667,0.07142857142857142,0.4545454545454546,0.5454545454545454,0.054715133404334294,0.07197488364881793,1.0,0.4167776298268975,0.0,0.125,0.0,0.041666666666666664,0.0,0.5789473684210527,0.8,0.5748502994011977,0.0,0.0,0.5800807537012113,0.974477958236659,1.0,0.0,0.9999999999999998,0.0,0.75,0.75
3116,4308,2023-wimbledon-1403,Daniil Medvedev,Jiri Lehecka,00:12:26,1,4,22,0,0,0.3333333333333333,0.16666666666666666,15,30,1,1,1,11,11,0,0,0,0,0,0,0,0,0,0,0,0,0,0,0,0,0,0,0,0,0,0.0344995865471946,7.239,1,0.7246376811594204,W,CTL,D,0.13333333333333333,0.07142857142857142,0.5454545454545455,0.4545454545454545,0.08133029376851597,0.01974696546389945,1.0,0.4167776298268975,0.0,0.125,0.0,0.041666666666666664,0.0,0.5789473684210527,0.8,0.5748502994011977,0.0,0.0,0.5800807537012113,0.974477958236659,1.0,0.0,0.0,0.9999999999999998,1.0,1.0
3117,4309,2023-wimbledon-1403,Daniil Medvedev,Jiri Lehecka,00:12:45,1,4,23,0,0,0.3333333333333333,0.16666666666666666,30,30,1,1,1,12,11,0,0,0,0,0,0,0,0,0,0,0,0,0,0,0,0,0,0,0,0,0,0.0213639875828599,4.525,1,0.5072463768115942,BW,NCTL,D,0.2,0.07142857142857142,0.6363636363636365,0.3636363636363636,0.058466040623457165,0.009127793082770341,1.0,0.4167776298268975,0.0,0.125,0.0,0.041666666666666664,0.0,0.5789473684210527,0.8,0.5748502994011977,0.0,0.0,0.5800807537012113,0.974477958236659,1.0,0.0,0.9999999999999998,0.0,0.75,0.75
3118,4310,2023-wimbledon-1403,Daniil Medvedev,Jiri Lehecka,00:13:03,1,4,24,0,0,0.3333333333333333,0.16666666666666666,40,30,1,1,1,13,11,1,0,0,0,0,0,0,0,0,0,0,0,0,0,0,0,0,0,0,0,0,0.175080318290881,37.264,7,0.7536231884057971,W,CTL,ND,0.26666666666666666,0.07142857142857142,0.7272727272727273,0.2727272727272727,0.45611731973196223,0.05160771128161108,1.0,0.4167776298268975,0.0,0.125,0.5,0.08333333333333333,0.0,0.5789473684210527,0.6000000000000001,0.5748502994011977,0.0,0.0,0.5800807537012113,0.974477958236659,1.0,0.0,0.0,0.9999999999999998,1.0,1.0
3119,4311,2023-wimbledon-1403,Daniil Medvedev,Jiri Lehecka,00:13:45,1,5,25,0,0,0.5,0.16666666666666666,0,0,2,2,1,14,11,0,0,0,0,0,0,0,0,0,0,1,0,0,0,0,0,0,0,0,0,0,0.0452222478276782,6.505,2,0.3623188405797102,BC,NCTL,D,0.06666666666666667,0.0,0.5454545454545455,0.4545454545454545,0.03176303878023425,0.0,1.0,0.41544607190412775,0.0,0.125,0.5,0.08333333333333333,0.0,0.5789473684210527,0.6000000000000001,0.5748502994011977,0.0,0.0,0.5800807537012113,0.974477958236659,0.0,1.0,0.9999999999999998,0.0,0.25,0.25
3120,4312,2023-wimbledon-1403,Daniil Medvedev,Jiri Lehecka,00:14:12,1,5,26,0,0,0.5,0.16666666666666666,15,0,2,2,1,15,11,0,0,0,0,0,0,0,0,0,0,1,0,0,0,0,0,0,0,0,0,0,0.0700971952988382,8.151,2,0.21739130434782616,BW,CTL,ND,0.13333333333333333,0.0,0.6363636363636365,0.3636363636363636,0.048090130996534704,0.0,1.0,0.4141145139813581,0.0,0.125,0.5,0.08333333333333333,0.0,0.5789473684210527,0.6000000000000001,0.5748502994011977,0.0,0.0,0.5800807537012113,0.974477958236659,0.0,1.0,0.0,0.9999999999999998,0.75,0.75
3121,4313,2023-wimbledon-1403,Daniil Medvedev,Jiri Lehecka,00:14:44,1,5,27,0,0,0.5,0.16666666666666666,30,0,2,1,2,15,12,0,0,0,0,0,1,B,0,0,0,0,0,1,0,1,0,0,0,0,0,0,0.1177459366400519,27.227,7,0.6231884057971016,BW,NCTL,ND,0.13333333333333333,0.07142857142857142,0.5454545454545455,0.4545454545454545,0.17956849378758363,0.12475260479469315,1.0,0.4141145139813581,0.0,0.125,0.5,0.08333333333333333,0.0,0.5789473684210527,0.6000000000000001,0.5748502994011977,0.0,0.0,0.5814266487213997,0.9756944444444444,0.0,1.0,0.9999999999999998,0.0,0.75,0.75
3122,4314,2023-wimbledon-1403,Daniil Medvedev,Jiri Lehecka,00:15:32,1,5,28,0,0,0.5,0.16666666666666666,30,15,2,2,1,16,12,0,0,0,0,0,0,0,0,0,0,1,0,0,0,0,0,0,0,0,0,0,0.2452791823123533,37.401,8,0.3913043478260869,BC,NCTL,ND,0.2,0.07142857142857142,0.6363636363636365,0.3636363636363636,0.5505488626963869,0.08595239299702077,1.0,0.4127829560585885,0.0,0.125,0.5,0.08333333333333333,0.0,0.5789473684210527,0.6000000000000001,0.5748502994011977,0.0,0.0,0.5814266487213997,0.9756944444444444,0.0,1.0,0.9999999999999998,0.0,0.25,0.25
3123,4315,2023-wimbledon-1403,Daniil Medvedev,Jiri Lehecka,00:16:39,1,5,29,0,0,0.5,0.16666666666666666,40,15,2,1,2,16,13,0,0,0,0,0,0,0,0,0,0,0,0,0,0,0,1,0,0,0,1,0,0.0599099892908945,11.29,1,0.6376811594202898,W,NCTL,D,0.2,0.14285714285714285,0.5454545454545455,0.4545454545454545,0.0829924903721058,0.0743819914644572,1.0,0.4127829560585885,0.0,0.125,0.0,0.08333333333333333,0.0,0.5789473684210527,0.6000000000000001,0.5748502994011977,0.0,0.0,0.5814266487213997,0.9756944444444444,0.0,1.0,0.9999999999999998,0.0,1.0,1.0
3124,4317,2023-wimbledon-1403,Daniil Medvedev,Jiri Lehecka,00:17:25,1,5,31,0,0,0.5,0.16666666666666666,40,40,2,2,2,16,15,0,0,0,0,0,0,0,0,0,1,0,0,0,0,0,0,0,0,0,0,0,0.2015751874093453,29.452,9,0.49275362318840576,B,NCTL,ND,0.2,0.21428571428571427,0.4545454545454546,0.5454545454545454,0.1952017274179453,0.2567776179056512,0.8571428571428572,0.4127829560585885,0.0,0.125,0.0,0.08333333333333333,0.0,0.5789473684210527,0.6000000000000001,0.5748502994011977,0.0,0.0,0.5814266487213997,0.9756944444444444,0.0,1.0,0.9999999999999998,0.0,0.0,0.0
3125,4318,2023-wimbledon-1403,Daniil Medvedev,Jiri Lehecka,00:18:14,1,5,32,0,0,0.5,0.16666666666666666,40,AD,2,1,1,17,15,0,0,0,0,0,0,0,0,0,0,1,0,1,0,0,0,0,0,0,0,0,0.1544347896813024,17.62,4,0.7971014492753623,C,NCTL,ND,0.26666666666666666,0.21428571428571427,0.5454545454545455,0.4545454545454545,0.2823006814101314,0.10471294288591779,0.8571428571428572,0.4114513981358189,0.0,0.125,0.0,0.08333333333333333,0.0,0.5789473684210527,0.6000000000000001,0.5748502994011977,0.0,0.0,0.5827725437415882,0.9734411085450345,0.0,1.0,0.9999999999999998,0.0,0.0,0.0
3126,4320,2023-wimbledon-1403,Daniil Medvedev,Jiri Lehecka,00:19:03,1,5,34,0,0,0.5,0.16666666666666666,40,AD,2,1,1,18,16,0,0,0,0,0,0,0,0,0,0,1,0,0,0,0,0,0,0,0,0,0,0.0794100502921281,10.28,4,0.7826086956521741,BW,NCTL,ND,0.3333333333333333,0.21428571428571427,0.6363636363636365,0.3636363636363636,0.16826435990517832,0.04955170037672532,0.8571428571428572,0.41011984021304926,0.0,0.125,0.0,0.08333333333333333,0.0,0.5789473684210527,0.6000000000000001,0.5748502994011977,0.0,0.0,0.5827725437415882,0.9734411085450345,0.0,1.0,0.9999999999999998,0.0,0.75,0.75
3127,4321,2023-wimbledon-1403,Daniil Medvedev,Jiri Lehecka,00:19:29,1,5,35,0,0,0.5,0.16666666666666666,40,40,2,1,2,18,17,0,0,0,0,0,0,0,0,0,0,0,0,0,0,0,0,0,0,0,0,0,0.0307649554690995,8.852,1,0.6376811594202898,BW,NCTL,ND,0.3333333333333333,0.2857142857142857,0.5454545454545455,0.4545454545454545,0.03960213834642216,0.04203574238160564,0.8571428571428572,0.41011984021304926,0.0,0.125,0.0,0.08333333333333333,0.0,0.5789473684210527,0.6000000000000001,0.5748502994011977,0.0,0.0,0.5827725437415882,0.9734411085450345,0.0,1.0,0.9999999999999998,0.0,0.75,0.75
3128,4322,2023-wimbledon-1403,Daniil Medvedev,Jiri Lehecka,00:19:51,1,5,36,0,0,0.5,0.16666666666666666,40,AD,2,2,2,18,18,2,0,0,0,0,1,B,0,0,0,0,0,0,0,0,0,0,0,0,0,0,0.2430492483292439,43.197,7,0.3333333333333335,BW,CTL,D,0.3333333333333333,0.3571428571428571,0.4545454545454546,0.5454545454545454,0.22751156763721245,0.29927951538452,0.8571428571428572,0.41011984021304926,0.0,0.125,0.0,0.08333333333333333,0.0,0.5789473684210527,0.8,0.5778443113772456,0.0,0.0,0.5827725437415882,0.9734411085450345,0.0,1.0,0.0,0.9999999999999998,0.75,0.75
3129,4324,2023-wimbledon-1403,Daniil Medvedev,Jiri Lehecka,00:22:19,1,6,38,0,0,0.5,0.3333333333333333,0,15,1,2,2,18,20,0,0,0,0,0,1,B,0,0,0,0,0,1,0,1,0,0,0,0,0,0,0.3636351312882103,45.906,12,0.30434782608695654,BW,CTL,D,0.0,0.07142857142857142,0.36363636363636365,0.6363636363636364,0.0,0.15790084371799107,1.0,0.41011984021304926,0.0,0.125,0.0,0.08333333333333333,0.0,0.5789473684210527,0.8,0.5778443113772456,0.0,0.0,0.5841184387617766,0.9746543778801843,1.0,0.0,0.0,0.9999999999999998,0.75,0.75
3130,4327,2023-wimbledon-1403,Daniil Medvedev,Jiri Lehecka,00:24:05,1,6,41,0,0,0.5,0.3333333333333333,30,30,1,1,1,21,20,0,0,0,0,0,0,0,0,0,0,0,0,0,0,0,0,0,0,0,0,0,0.0115970122951375,4.833,1,0.5507246376811594,W,CTL,D,0.06666666666666667,0.07142857142857142,0.4545454545454546,0.5454545454545454,0.02175561532956827,0.01075906097415277,1.0,0.41011984021304926,0.0,0.125,0.0,0.08333333333333333,0.0,0.5789473684210527,0.8,0.5778443113772456,0.0,0.0,0.5841184387617766,0.9746543778801843,1.0,0.0,0.0,0.9999999999999998,1.0,1.0
3131,4329,2023-wimbledon-1403,Daniil Medvedev,Jiri Lehecka,00:24:57,1,7,43,0,0,0.6666666666666666,0.3333333333333333,0,0,2,2,1,23,20,0,0,0,0,0,0,0,0,0,0,1,0,0,0,0,0,0,0,0,0,0,0.2739972074990849,36.732,12,0.5072463768115942,BC,NCTL,ND,0.06666666666666667,0.0,0.5454545454545455,0.4545454545454545,0.15789057449531638,0.0,1.0,0.40878828229027964,0.0,0.125,0.0,0.08333333333333333,0.0,0.5789473684210527,0.8,0.5778443113772456,0.0,0.0,0.5841184387617766,0.9746543778801843,0.0,1.0,0.9999999999999998,0.0,0.25,0.25
3132,4331,2023-wimbledon-1403,Daniil Medvedev,Jiri Lehecka,00:26:13,1,7,45,0,0,0.6666666666666666,0.3333333333333333,15,15,2,1,2,23,22,0,0,0,0,0,0,0,0,0,0,0,0,0,0,0,0,0,0,0,0,0,0.0101533164337323,3.454,1,0.6086956521739131,BC,NCTL,ND,0.06666666666666667,0.07142857142857142,0.4545454545454546,0.5454545454545454,0.011695483035112926,0.01538479353506049,1.0,0.40878828229027964,0.0,0.125,0.0,0.08333333333333333,0.0,0.5789473684210527,0.8,0.5778443113772456,0.0,0.0,0.5841184387617766,0.9746543778801843,0.0,1.0,0.9999999999999998,0.0,0.25,0.25
3133,4332,2023-wimbledon-1403,Daniil Medvedev,Jiri Lehecka,00:26:32,1,7,46,0,0,0.6666666666666666,0.3333333333333333,15,30,2,2,2,23,23,0,0,0,0,0,0,0,0,0,1,0,0,0,0,0,0,0,0,0,0,0,0.0227737938700537,5.249,1,0.3333333333333335,BC,NCTL,ND,0.06666666666666667,0.14285714285714285,0.36363636363636365,0.6363636363636364,0.016346859807486968,0.04379886123172849,0.8571428571428572,0.40878828229027964,0.0,0.125,0.0,0.08333333333333333,0.0,0.5789473684210527,0.6000000000000001,0.5778443113772456,0.0,0.0,0.5841184387617766,0.9746543778801843,0.0,1.0,0.9999999999999998,0.0,0.25,0.25
3134,4334,2023-wimbledon-1403,Daniil Medvedev,Jiri Lehecka,00:28:56,1,8,48,0,0,0.6666666666666666,0.5,0,0,1,1,1,24,24,0,0,0,0,0,0,0,0,0,0,0,0,0,0,0,0,0,0,0,0,0,0.0505496888937087,13.09,1,0.5217391304347827,W,NCTL,D,0.06666666666666667,0.0,0.5454545454545455,0.4545454545454545,0.035324858670075274,0.0,1.0,0.40878828229027964,0.0,0.125,0.0,0.08333333333333333,0.0,0.5789473684210527,0.6000000000000001,0.5778443113772456,0.0,0.0,0.5841184387617766,0.9746543778801843,1.0,0.0,0.9999999999999998,0.0,1.0,1.0
3135,4335,2023-wimbledon-1403,Daniil Medvedev,Jiri Lehecka,00:29:15,1,8,49,0,0,0.6666666666666666,0.5,15,0,1,2,1,25,24,0,0,0,0,0,0,0,0,0,0,0,0,1,0,0,0,0,0,0,0,0,0.1321964510837885,25.706,5,0.43478260869565233,C,NCTL,D,0.13333333333333333,0.0,0.6363636363636365,0.3636363636363636,0.08571889254112855,0.0,1.0,0.40878828229027964,0.0,0.125,0.0,0.08333333333333333,0.0,0.5789473684210527,0.6000000000000001,0.5778443113772456,0.0,0.0,0.585464333781965,0.9724137931034482,1.0,0.0,0.9999999999999998,0.0,0.0,0.0
3136,4336,2023-wimbledon-1403,Daniil Medvedev,Jiri Lehecka,00:29:58,1,8,50,0,0,0.6666666666666666,0.5,30,0,1,1,2,25,25,0,0,0,0,0,1,B,0,0,0,0,0,0,0,0,0,0,0,0,0,0,0.0779527986010383,11.684,4,0.7391304347826086,C,NCTL,ND,0.13333333333333333,0.07142857142857142,0.5454545454545455,0.4545454545454545,0.12327053417778877,0.08564041446660353,1.0,0.40878828229027964,0.0,0.125,0.0,0.08333333333333333,0.0,0.5789473684210527,0.6000000000000001,0.5778443113772456,0.0,0.0,0.585464333781965,0.9724137931034482,1.0,0.0,0.9999999999999998,0.0,0.0,0.0
3137,4337,2023-wimbledon-1403,Daniil Medvedev,Jiri Lehecka,00:30:20,1,8,51,0,0,0.6666666666666666,0.5,30,15,1,2,2,25,26,0,0,0,0,0,0,0,0,0,1,0,0,0,0,0,0,0,0,0,0,0,0.0271591047730076,7.857,2,0.18840579710144922,B,NCTL,ND,0.13333333333333333,0.14285714285714285,0.4545454545454546,0.5454545454545454,0.03076629970120276,0.04047145101401352,0.8571428571428572,0.40878828229027964,0.0,0.125,0.0,0.08333333333333333,0.0,0.5789473684210527,0.6000000000000001,0.5778443113772456,0.0,0.0,0.585464333781965,0.9724137931034482,1.0,0.0,0.9999999999999998,0.0,0.0,0.0
3138,4342,2023-wimbledon-1403,Daniil Medvedev,Jiri Lehecka,00:32:44,1,9,56,0,0,0.8333333333333333,0.5,0,30,2,1,1,28,28,0,0,0,0,0,0,0,0,0,0,1,0,0,0,0,0,0,0,0,0,0,0.0436904390733235,5.817,2,0.46376811594202905,BW,NCTL,ND,0.06666666666666667,0.0,0.5454545454545455,0.4545454545454545,0.03073217153326256,0.0,1.0,0.4074567243675099,0.0,0.125,0.0,0.08333333333333333,0.0,0.5789473684210527,0.6000000000000001,0.5778443113772456,0.0,0.0,0.585464333781965,0.9724137931034482,0.0,1.0,0.9999999999999998,0.0,0.75,0.75
3139,4344,2023-wimbledon-1403,Daniil Medvedev,Jiri Lehecka,00:33:35,1,9,58,0,0,0.8333333333333333,0.5,30,30,2,1,1,30,28,0,0,0,0,0,0,0,0,0,0,0,0,0,0,0,0,0,0,0,0,0,0.0947891390692566,14.281,4,0.7246376811594204,BC,NCTL,ND,0.13333333333333333,0.0,0.6363636363636365,0.3636363636363636,0.06356333023052822,0.0,1.0,0.4074567243675099,0.0,0.125,0.0,0.08333333333333333,0.0,0.5789473684210527,0.6000000000000001,0.5778443113772456,0.0,0.0,0.585464333781965,0.9724137931034482,0.0,1.0,0.9999999999999998,0.0,0.25,0.25
3140,4346,2023-wimbledon-1403,Daniil Medvedev,Jiri Lehecka,00:34:35,1,9,60,0,0,0.8333333333333333,0.5,40,40,2,1,2,30,30,0,0,0,0,0,0,0,0,0,0,0,0,0,0,0,0,0,0,0,0,0,0.0473708468326804,5.208,1,0.5217391304347827,W,CTL,D,0.13333333333333333,0.07142857142857142,0.5454545454545455,0.4545454545454545,0.07709708857214911,0.053562083295303646,1.0,0.4074567243675099,0.0,0.125,0.0,0.08333333333333333,0.0,0.5789473684210527,0.6000000000000001,0.5778443113772456,0.0,0.0,0.585464333781965,0.9724137931034482,0.0,1.0,0.0,0.9999999999999998,1.0,1.0
3141,4348,2023-wimbledon-1403,Daniil Medvedev,Jiri Lehecka,00:36:40,1,10,62,0,0,0.8333333333333333,0.6666666666666666,0,0,1,1,1,31,31,0,0,0,0,1,0,B,0,0,0,0,1,0,1,0,0,0,0,0,0,0,0.0389933440876248,8.461,3,0.6956521739130435,BW,NCTL,ND,0.06666666666666667,0.0,0.5454545454545455,0.4545454545454545,0.02755219865035566,0.0,1.0,0.4074567243675099,0.0,0.125,0.0,0.08333333333333333,0.0,0.5789473684210527,0.6000000000000001,0.5778443113772456,0.02040816326530612,1.0,0.585464333781965,0.9724137931034482,1.0,0.0,0.9999999999999998,0.0,0.75,0.75
3142,4349,2023-wimbledon-1403,Daniil Medvedev,Jiri Lehecka,00:37:01,1,10,63,0,0,0.8333333333333333,0.6666666666666666,15,0,1,1,1,32,31,0,0,0,0,1,0,F,0,0,0,0,0,1,0,0,0,0,0,0,0,0,0.1151499952554595,23.343,7,0.7246376811594204,C,NCTL,ND,0.13333333333333333,0.0,0.6363636363636365,0.3636363636363636,0.07580697761785363,0.0,1.0,0.4074567243675099,0.0,0.125,0.0,0.08333333333333333,0.0,0.5789473684210527,0.6000000000000001,0.5778443113772456,0.02040816326530612,1.0,0.5868102288021534,0.9701834862385321,1.0,0.0,0.9999999999999998,0.0,0.0,0.0
3143,4352,2023-wimbledon-1403,Daniil Medvedev,Jiri Lehecka,00:44:40,2,1,66,1,0,0.0,0.0,0,0,2,2,1,35,31,0,0,0,0,0,0,0,0,0,0,1,0,0,0,0,0,0,0,0,0,0,0.1395301549431332,15.095,2,0.3333333333333335,BW,NCTL,D,0.06666666666666667,0.0,0.5454545454545455,0.4545454545454545,0.08989194939630822,0.0,1.0,0.4061251664447403,0.0,0.125,0.0,0.08333333333333333,0.0,0.5789473684210527,0.6000000000000001,0.5778443113772456,0.02040816326530612,1.0,0.5868102288021534,0.9701834862385321,0.0,1.0,0.9999999999999998,0.0,0.75,0.75
3144,4353,2023-wimbledon-1403,Daniil Medvedev,Jiri Lehecka,00:45:17,2,1,67,1,0,0.0,0.0,15,0,2,1,2,35,32,0,0,0,0,0,1,F,0,0,0,0,0,0,0,0,0,0,0,0,0,0,0.176422345429652,8.379,3,0.6811594202898552,W,CTL,ND,0.06666666666666667,0.07142857142857142,0.4545454545454546,0.5454545454545454,0.1744969587910161,0.22954158245844758,1.0,0.4061251664447403,0.0,0.125,0.0,0.08333333333333333,0.0,0.5789473684210527,0.6000000000000001,0.5778443113772456,0.02040816326530612,1.0,0.5868102288021534,0.9701834862385321,0.0,1.0,0.0,0.9999999999999998,1.0,1.0
3145,4354,2023-wimbledon-1403,Daniil Medvedev,Jiri Lehecka,00:45:45,2,1,68,1,0,0.0,0.0,15,15,2,2,2,35,33,0,0,0,0,0,0,0,0,0,0,0,0,0,0,0,0,0,0,0,0,0,0.1272146836747143,15.606,5,0.43478260869565233,BC,NCTL,D,0.06666666666666667,0.14285714285714285,0.36363636363636365,0.6363636363636364,0.08285317379393893,0.221992156557614,1.0,0.4061251664447403,0.0,0.125,0.0,0.08333333333333333,0.0,0.5789473684210527,0.6000000000000001,0.5778443113772456,0.02040816326530612,1.0,0.5868102288021534,0.9701834862385321,0.0,1.0,0.9999999999999998,0.0,0.25,0.25
3146,4355,2023-wimbledon-1403,Daniil Medvedev,Jiri Lehecka,00:46:24,2,1,69,1,0,0.0,0.0,15,30,2,2,1,36,33,0,0,0,0,0,0,0,0,0,0,1,0,0,0,0,0,0,0,0,0,0,0.1006520354078271,13.477,4,0.46376811594202905,BC,NCTL,ND,0.13333333333333333,0.14285714285714285,0.4545454545454546,0.5454545454545454,0.17354228535798422,0.08582391265314893,1.0,0.40479360852197066,0.0,0.125,0.0,0.08333333333333333,0.0,0.5789473684210527,0.6000000000000001,0.5778443113772456,0.02040816326530612,1.0,0.5868102288021534,0.9701834862385321,0.0,1.0,0.9999999999999998,0.0,0.25,0.25
3147,4357,2023-wimbledon-1403,Daniil Medvedev,Jiri Lehecka,00:47:18,2,1,71,1,0,0.0,0.0,30,40,2,2,1,37,34,0,0,0,0,0,0,0,0,0,0,0,0,1,0,0,0,0,0,0,0,0,0.2130434193224795,22.275,8,0.3623188405797102,B,NCTL,ND,0.2,0.14285714285714285,0.5454545454545455,0.4545454545454545,0.38680455243430223,0.12712156300415306,1.0,0.40479360852197066,0.0,0.125,0.0,0.08333333333333333,0.0,0.5789473684210527,0.6000000000000001,0.5778443113772456,0.02040816326530612,1.0,0.5881561238223418,0.9679633867276889,0.0,1.0,0.9999999999999998,0.0,0.0,0.0
3148,4358,2023-wimbledon-1403,Daniil Medvedev,Jiri Lehecka,00:48:04,2,1,72,1,0,0.0,0.0,40,40,2,2,2,37,35,0,0,0,0,0,0,0,0,0,0,0,0,1,0,1,0,0,0,0,0,0,0.1330843579281269,18.159,5,0.5072463768115942,BC,NCTL,ND,0.2,0.21428571428571427,0.4545454545454546,0.5454545454545454,0.13666657331439713,0.17977769770377944,1.0,0.40479360852197066,0.0,0.125,0.0,0.08333333333333333,0.0,0.5789473684210527,0.6000000000000001,0.5778443113772456,0.02040816326530612,1.0,0.5895020188425303,0.9691780821917808,0.0,1.0,0.9999999999999998,0.0,0.25,0.25
3149,4359,2023-wimbledon-1403,Daniil Medvedev,Jiri Lehecka,00:48:53,2,1,73,1,0,0.0,0.0,40,AD,2,1,1,38,35,0,0,0,0,0,0,0,0,0,0,1,0,0,0,0,0,0,0,0,0,0,0.0536404180617875,7.705,2,0.7536231884057971,C,NCTL,ND,0.26666666666666666,0.21428571428571427,0.5454545454545455,0.4545454545454545,0.10743255972682443,0.039849636333039264,1.0,0.40346205059920104,0.0,0.125,0.0,0.08333333333333333,0.0,0.5789473684210527,0.6000000000000001,0.5778443113772456,0.02040816326530612,1.0,0.5895020188425303,0.9691780821917808,0.0,1.0,0.9999999999999998,0.0,0.0,0.0
3150,4360,2023-wimbledon-1403,Daniil Medvedev,Jiri Lehecka,00:49:17,2,1,74,1,0,0.0,0.0,40,40,2,1,2,38,36,0,0,0,0,0,0,0,0,0,1,0,0,0,0,0,0,0,0,0,0,0,0.0746858436470604,10.67,3,0.43478260869565233,BW,CTL,D,0.26666666666666666,0.2857142857142857,0.4545454545454546,0.5454545454545454,0.08086382844490549,0.10637211830793049,0.8571428571428572,0.40346205059920104,0.0,0.125,0.0,0.08333333333333333,0.0,0.5789473684210527,0.6000000000000001,0.5778443113772456,0.02040816326530612,1.0,0.5895020188425303,0.9691780821917808,0.0,1.0,0.0,0.9999999999999998,0.75,0.75
3151,4361,2023-wimbledon-1403,Daniil Medvedev,Jiri Lehecka,00:49:42,2,1,75,1,0,0.0,0.0,40,AD,2,2,1,39,36,0,0,0,0,0,0,0,0,0,0,1,0,0,0,0,0,0,0,0,0,0,0.3525600184359282,40.837,14,0.43478260869565233,BC,NCTL,ND,0.3333333333333333,0.2857142857142857,0.5454545454545455,0.4545454545454545,0.5372202580707075,0.21276674255432004,0.8571428571428572,0.4021304926764314,0.0,0.125,0.0,0.08333333333333333,0.0,0.5789473684210527,0.6000000000000001,0.5778443113772456,0.02040816326530612,1.0,0.5895020188425303,0.9691780821917808,0.0,1.0,0.9999999999999998,0.0,0.25,0.25
3152,4362,2023-wimbledon-1403,Daniil Medvedev,Jiri Lehecka,00:50:35,2,1,76,1,0,0.0,0.0,40,40,2,1,2,39,37,0,0,0,0,0,1,F,0,0,0,0,0,0,0,0,0,0,0,0,0,0,0.1776423701012619,16.366,5,0.5797101449275364,BW,NCTL,ND,0.3333333333333333,0.3571428571428571,0.4545454545454546,0.5454545454545454,0.17552164162640535,0.23088949889884214,0.8571428571428572,0.4021304926764314,0.0,0.125,0.0,0.08333333333333333,0.0,0.5789473684210527,0.6000000000000001,0.5778443113772456,0.02040816326530612,1.0,0.5895020188425303,0.9691780821917808,0.0,1.0,0.9999999999999998,0.0,0.75,0.75
3153,4363,2023-wimbledon-1403,Daniil Medvedev,Jiri Lehecka,00:51:21,2,1,77,1,0,0.0,0.0,40,AD,2,2,2,39,38,2,0,0,0,0,0,0,0,0,1,0,0,0,0,0,0,0,0,0,0,0,0.0874893247841233,13.103,3,0.2753623188405798,BW,NCTL,D,0.3333333333333333,0.42857142857142855,0.36363636363636365,0.6363636363636364,0.08357503281303896,0.13174252390628252,0.7142857142857143,0.4021304926764314,0.0,0.125,0.0,0.08333333333333333,0.0,0.5789473684210527,0.8,0.5808383233532934,0.02040816326530612,1.0,0.5895020188425303,0.9691780821917808,0.0,1.0,0.9999999999999998,0.0,0.75,0.75
3154,4364,2023-wimbledon-1403,Daniil Medvedev,Jiri Lehecka,00:52:33,2,2,78,1,0,0.0,0.16666666666666666,0,0,1,1,1,40,38,0,0,0,0,1,0,B,0,0,0,0,1,0,1,0,0,0,0,0,0,0,0.0806910761973186,13.498,3,0.7391304347826086,C,CTL,ND,0.06666666666666667,0.0,0.5454545454545455,0.4545454545454545,0.054815387287036395,0.0,1.0,0.4021304926764314,0.0,0.125,0.0,0.08333333333333333,0.0,0.5789473684210527,0.8,0.5808383233532934,0.04081632653061224,1.0,0.5895020188425303,0.9691780821917808,1.0,0.0,0.0,0.9999999999999998,0.0,0.0
3155,4365,2023-wimbledon-1403,Daniil Medvedev,Jiri Lehecka,00:52:56,2,2,79,1,0,0.0,0.16666666666666666,15,0,1,2,2,40,39,0,0,0,0,0,0,0,0,0,0,0,1,0,0,0,0,0,0,0,0,0,0.1825021350431752,20.4,6,0.28985507246376807,B,NCTL,D,0.06666666666666667,0.07142857142857142,0.4545454545454546,0.5454545454545454,0.17958230925601332,0.2362310938469484,1.0,0.4021304926764314,0.0,0.125,0.0,0.08333333333333333,0.0,0.5789473684210527,0.8,0.5808383233532934,0.061224489795918366,0.6666666666666666,0.5895020188425303,0.9691780821917808,1.0,0.0,0.9999999999999998,0.0,0.0,0.0
3156,4367,2023-wimbledon-1403,Daniil Medvedev,Jiri Lehecka,00:54:15,2,2,81,1,0,0.0,0.16666666666666666,30,15,1,1,1,42,39,0,0,0,0,0,0,0,0,0,0,0,0,0,0,0,0,0,0,0,0,0,0.0254849598069649,5.594,1,0.7246376811594204,W,CTL,ND,0.13333333333333333,0.07142857142857142,0.5454545454545455,0.4545454545454545,0.06060708966407002,0.014715379116546898,1.0,0.4021304926764314,0.0,0.125,0.0,0.08333333333333333,0.0,0.5789473684210527,0.8,0.5808383233532934,0.061224489795918366,0.6666666666666666,0.5895020188425303,0.9691780821917808,1.0,0.0,0.0,0.9999999999999998,1.0,1.0
3157,4368,2023-wimbledon-1403,Daniil Medvedev,Jiri Lehecka,00:54:32,2,2,82,1,0,0.0,0.16666666666666666,40,15,1,2,1,43,39,1,0,0,0,0,0,0,0,0,0,0,0,0,0,0,0,0,0,0,0,0,0.0171345687212786,5.753,1,0.30434782608695654,C,NCTL,ND,0.2,0.07142857142857142,0.6363636363636365,0.3636363636363636,0.04708652830739966,0.007351209057305545,1.0,0.4021304926764314,0.0,0.125,0.5,0.125,0.0,0.5789473684210527,0.8,0.5808383233532934,0.061224489795918366,0.6666666666666666,0.5895020188425303,0.9691780821917808,1.0,0.0,0.9999999999999998,0.0,0.0,0.0
3158,4369,2023-wimbledon-1403,Daniil Medvedev,Jiri Lehecka,00:55:09,2,3,83,1,0,0.16666666666666666,0.16666666666666666,0,0,2,2,1,44,39,0,0,0,0,0,0,0,0,0,0,1,0,1,0,0,0,0,0,0,0,0,0.1204367688324363,15.624,4,0.34782608695652173,BC,NCTL,ND,0.06666666666666667,0.0,0.5454545454545455,0.4545454545454545,0.078913314948185,0.0,1.0,0.4007989347536618,0.0,0.125,0.5,0.125,0.0,0.5789473684210527,0.6000000000000001,0.5808383233532934,0.061224489795918366,0.6666666666666666,0.5908479138627187,0.9669703872437359,0.0,1.0,0.9999999999999998,0.0,0.25,0.25
3159,4370,2023-wimbledon-1403,Daniil Medvedev,Jiri Lehecka,00:55:45,2,3,84,1,0,0.16666666666666666,0.16666666666666666,15,0,2,2,1,45,39,0,0,0,0,0,0,0,0,0,0,1,0,0,0,0,0,0,0,0,0,0,0.0990456695902072,13.348,4,0.3913043478260869,B,CTL,D,0.13333333333333333,0.0,0.6363636363636365,0.3636363636363636,0.06616042666768175,0.0,1.0,0.39946737683089206,0.0,0.125,0.5,0.125,0.0,0.5789473684210527,0.6000000000000001,0.5808383233532934,0.061224489795918366,0.6666666666666666,0.5908479138627187,0.9669703872437359,0.0,1.0,0.0,0.9999999999999998,0.0,0.0
3160,4371,2023-wimbledon-1403,Daniil Medvedev,Jiri Lehecka,00:56:28,2,3,85,1,0,0.16666666666666666,0.16666666666666666,30,0,2,1,1,46,39,0,0,0,0,0,0,0,0,0,0,1,0,0,0,0,0,0,0,0,0,0,0.0467405007523485,5.676,2,0.4492753623188406,W,CTL,D,0.2,0.0,0.7272727272727273,0.2727272727272727,0.03278180608144542,0.0,1.0,0.39813581890812244,0.0,0.125,0.5,0.125,0.0,0.5789473684210527,0.6000000000000001,0.5808383233532934,0.061224489795918366,0.6666666666666666,0.5908479138627187,0.9669703872437359,0.0,1.0,0.0,0.9999999999999998,1.0,1.0
3161,4372,2023-wimbledon-1403,Daniil Medvedev,Jiri Lehecka,00:56:50,2,3,86,1,0,0.16666666666666666,0.16666666666666666,40,0,2,2,1,47,39,1,0,0,0,0,0,0,0,0,0,1,0,0,0,0,1,0,1,0,0,0,0.1093481001504697,14.242,4,0.1594202898550725,BW,NCTL,ND,0.26666666666666666,0.0,0.8181818181818182,0.18181818181818177,0.07236389624921287,0.0,1.0,0.3968042609853528,1.0,0.25,0.5,0.125,0.0,0.5789473684210527,0.6000000000000001,0.5808383233532934,0.061224489795918366,0.6666666666666666,0.5908479138627187,0.9669703872437359,0.0,1.0,0.9999999999999998,0.0,0.75,0.75
3162,4375,2023-wimbledon-1403,Daniil Medvedev,Jiri Lehecka,00:59:59,2,4,89,1,0,0.3333333333333333,0.16666666666666666,30,0,1,1,1,50,39,0,0,0,0,0,0,0,0,0,0,0,0,0,0,0,0,0,0,0,0,0,0.2455774105654136,42.465,13,0.5507246376811594,W,NCTL,D,0.06666666666666667,0.0,0.5454545454545455,0.4545454545454545,0.14474255572599162,0.0,1.0,0.3968042609853528,1.0,0.25,0.0,0.125,0.0,0.5789473684210527,0.6000000000000001,0.5808383233532934,0.061224489795918366,0.6666666666666666,0.5908479138627187,0.9669703872437359,1.0,0.0,0.9999999999999998,0.0,1.0,1.0
3163,4376,2023-wimbledon-1403,Daniil Medvedev,Jiri Lehecka,01:00:35,2,4,90,1,0,0.3333333333333333,0.16666666666666666,40,0,1,1,1,51,39,1,0,0,0,0,0,0,0,0,0,0,0,0,0,0,0,0,0,0,0,0,0.0167346717455841,4.761,1,0.7391304347826086,BW,NCTL,ND,0.13333333333333333,0.0,0.6363636363636365,0.3636363636363636,0.012083370962702854,0.0,1.0,0.3968042609853528,1.0,0.25,0.5,0.16666666666666666,0.0,0.5789473684210527,0.6000000000000001,0.5808383233532934,0.061224489795918366,0.6666666666666666,0.5908479138627187,0.9669703872437359,1.0,0.0,0.9999999999999998,0.0,0.75,0.75
3164,4377,2023-wimbledon-1403,Daniil Medvedev,Jiri Lehecka,01:01:06,2,5,91,1,0,0.5,0.16666666666666666,0,0,2,1,1,52,39,0,0,0,0,0,0,0,0,0,0,1,0,0,0,0,0,0,0,0,0,0,0.123696945871572,14.797,4,0.5942028985507246,BW,NCTL,D,0.06666666666666667,0.0,0.5454545454545455,0.4545454545454545,0.08081431958382955,0.0,1.0,0.3954727030625832,1.0,0.25,0.5,0.16666666666666666,0.0,0.5789473684210527,0.6000000000000001,0.5808383233532934,0.061224489795918366,0.6666666666666666,0.5908479138627187,0.9669703872437359,0.0,1.0,0.9999999999999998,0.0,0.75,0.75
3165,4378,2023-wimbledon-1403,Daniil Medvedev,Jiri Lehecka,01:01:31,2,5,92,1,0,0.5,0.16666666666666666,15,0,2,2,1,53,39,0,0,0,0,0,0,0,0,0,0,1,0,0,0,0,0,0,0,0,0,0,0.1267808971248085,13.699,4,0.3913043478260869,B,NCTL,ND,0.13333333333333333,0.0,0.6363636363636365,0.3636363636363636,0.08260244251648508,0.0,1.0,0.3941411451398136,1.0,0.25,0.5,0.16666666666666666,0.0,0.5789473684210527,0.6000000000000001,0.5808383233532934,0.061224489795918366,0.6666666666666666,0.5908479138627187,0.9669703872437359,0.0,1.0,0.9999999999999998,0.0,0.0,0.0
3166,4379,2023-wimbledon-1403,Daniil Medvedev,Jiri Lehecka,01:02:17,2,5,93,1,0,0.5,0.16666666666666666,30,0,2,2,2,53,40,0,0,0,0,0,0,0,0,0,1,0,0,0,0,0,0,0,0,0,0,0,0.0157789857528229,3.794,1,0.5072463768115942,BC,NCTL,ND,0.13333333333333333,0.07142857142857142,0.5454545454545455,0.4545454545454545,0.026479340902459472,0.018396137769781162,0.8571428571428572,0.3941411451398136,0.0,0.25,0.5,0.16666666666666666,0.0,0.5789473684210527,0.6000000000000001,0.5808383233532934,0.061224489795918366,0.6666666666666666,0.5908479138627187,0.9669703872437359,0.0,1.0,0.9999999999999998,0.0,0.25,0.25
3167,4380,2023-wimbledon-1403,Daniil Medvedev,Jiri Lehecka,01:02:49,2,5,94,1,0,0.5,0.16666666666666666,30,15,2,1,2,53,41,0,0,0,0,0,1,F,0,0,0,0,0,1,0,1,0,0,0,0,0,0,0.0688093914788054,13.678,3,0.7101449275362319,W,CTL,ND,0.13333333333333333,0.14285714285714285,0.4545454545454546,0.5454545454545454,0.07491089602833727,0.09854134843873309,0.8571428571428572,0.3941411451398136,0.0,0.25,0.5,0.16666666666666666,0.0,0.5789473684210527,0.6000000000000001,0.5808383233532934,0.061224489795918366,0.6666666666666666,0.5921938088829072,0.9681818181818183,0.0,1.0,0.0,0.9999999999999998,1.0,1.0
3168,4381,2023-wimbledon-1403,Daniil Medvedev,Jiri Lehecka,01:12:35,2,5,95,1,0,0.5,0.16666666666666666,30,30,2,2,1,54,41,0,0,0,0,0,0,0,0,0,0,0,0,0,0,0,0,0,0,0,0,0,0.1071656115712561,15.316,4,0.42028985507246386,B,NCTL,ND,0.2,0.14285714285714285,0.5454545454545455,0.4545454545454545,0.2131781346031263,0.07006002772850492,0.8571428571428572,0.3941411451398136,0.0,0.25,0.0,0.16666666666666666,0.0,0.5789473684210527,0.6000000000000001,0.5808383233532934,0.061224489795918366,0.6666666666666666,0.5921938088829072,0.9681818181818183,0.0,1.0,0.9999999999999998,0.0,0.0,0.0
3169,4383,2023-wimbledon-1403,Daniil Medvedev,Jiri Lehecka,01:13:55,2,5,97,1,0,0.5,0.16666666666666666,40,40,2,1,1,55,42,0,0,0,0,0,0,0,0,0,0,0,0,1,0,0,0,0,0,0,0,0,0.173961962341905,25.177,8,0.5507246376811594,W,NCTL,D,0.26666666666666666,0.14285714285714285,0.6363636363636365,0.3636363636363636,0.36138410309994007,0.08774392753858863,0.8571428571428572,0.3941411451398136,0.0,0.25,0.0,0.16666666666666666,0.0,0.5789473684210527,0.6000000000000001,0.5808383233532934,0.061224489795918366,0.6666666666666666,0.5935397039030955,0.9659863945578231,0.0,1.0,0.9999999999999998,0.0,1.0,1.0
3170,4384,2023-wimbledon-1403,Daniil Medvedev,Jiri Lehecka,01:14:40,2,5,98,1,0,0.5,0.16666666666666666,AD,40,2,2,2,55,43,0,0,0,0,0,1,B,0,0,0,0,0,0,0,0,1,0,0,0,1,0,0.147961881006927,13.555,5,0.34782608695652173,BC,NCTL,ND,0.26666666666666666,0.21428571428571427,0.5454545454545455,0.4545454545454545,0.17736960983809663,0.17720988374253696,0.8571428571428572,0.3941411451398136,0.0,0.25,0.0,0.16666666666666666,0.0,0.5789473684210527,0.6000000000000001,0.5808383233532934,0.061224489795918366,0.6666666666666666,0.5935397039030955,0.9659863945578231,0.0,1.0,0.9999999999999998,0.0,0.25,0.25
3171,4385,2023-wimbledon-1403,Daniil Medvedev,Jiri Lehecka,01:15:41,2,5,99,1,0,0.5,0.16666666666666666,40,40,2,2,1,56,43,0,0,0,0,0,0,0,0,0,0,1,0,0,0,0,0,0,0,0,0,0,0.142695441174477,14.766,4,0.30434782608695654,BW,NCTL,D,0.3333333333333333,0.21428571428571427,0.6363636363636365,0.3636363636363636,0.2856161283946952,0.08411029421173757,0.8571428571428572,0.39280958721704395,0.0,0.25,0.0,0.16666666666666666,0.0,0.5789473684210527,0.6000000000000001,0.5808383233532934,0.061224489795918366,0.6666666666666666,0.5935397039030955,0.9659863945578231,0.0,1.0,0.9999999999999998,0.0,0.75,0.75
3172,4386,2023-wimbledon-1403,Daniil Medvedev,Jiri Lehecka,01:16:15,2,5,100,1,0,0.5,0.16666666666666666,AD,40,2,1,2,56,44,0,0,0,0,0,0,0,0,0,1,0,0,0,0,0,1,0,0,0,1,0,0.3481611517032899,25.413,9,0.7536231884057971,C,CTL,ND,0.3333333333333333,0.2857142857142857,0.5454545454545455,0.4545454545454545,0.3426576975797471,0.36371446851020145,0.7142857142857143,0.39280958721704395,0.0,0.25,0.0,0.16666666666666666,0.0,0.5789473684210527,0.6000000000000001,0.5808383233532934,0.061224489795918366,0.6666666666666666,0.5935397039030955,0.9659863945578231,0.0,1.0,0.0,0.9999999999999998,0.0,0.0
3173,4387,2023-wimbledon-1403,Daniil Medvedev,Jiri Lehecka,01:16:50,2,5,101,1,0,0.5,0.16666666666666666,40,40,2,1,1,57,44,0,0,0,0,0,0,0,0,0,0,1,0,1,0,0,0,0,0,0,0,0,0.0383426642627661,7.153,2,0.6086956521739131,BW,CTL,ND,0.4,0.2857142857142857,0.6363636363636365,0.3636363636363636,0.08132824241634797,0.02672815825791703,0.7142857142857143,0.3914780292942742,0.0,0.25,0.0,0.16666666666666666,0.0,0.5789473684210527,0.6000000000000001,0.5808383233532934,0.061224489795918366,0.6666666666666666,0.594885598923284,0.9638009049773757,0.0,1.0,0.0,0.9999999999999998,0.75,0.75
3174,4388,2023-wimbledon-1403,Daniil Medvedev,Jiri Lehecka,01:17:11,2,5,102,1,0,0.5,0.16666666666666666,AD,40,2,1,2,57,45,0,0,0,0,0,0,0,0,0,0,0,0,1,0,1,1,0,0,0,1,0,0.1535672165814908,31.808,5,0.4057971014492754,B,NCTL,ND,0.4,0.3571428571428571,0.5454545454545455,0.4545454545454545,0.1725481951264844,0.19036902416748286,0.7142857142857143,0.3914780292942742,0.0,0.25,0.0,0.16666666666666666,0.0,0.5789473684210527,0.6000000000000001,0.5808383233532934,0.061224489795918366,0.6666666666666666,0.5962314939434724,0.9650112866817155,0.0,1.0,0.9999999999999998,0.0,0.0,0.0
3175,4391,2023-wimbledon-1403,Daniil Medvedev,Jiri Lehecka,01:20:06,2,6,105,1,0,0.5,0.3333333333333333,0,0,1,1,1,58,47,0,0,0,0,0,0,0,0,0,0,0,0,0,0,0,0,0,0,0,0,0,0.0070625872656535,3.608,1,0.5652173913043479,W,CTL,ND,0.06666666666666667,0.0,0.5454545454545455,0.4545454545454545,0.005148561553704029,0.0,1.0,0.3914780292942742,0.0,0.25,0.0,0.16666666666666666,0.0,0.5789473684210527,0.6000000000000001,0.5808383233532934,0.061224489795918366,0.6666666666666666,0.5962314939434724,0.9650112866817155,1.0,0.0,0.0,0.9999999999999998,1.0,1.0
3176,4392,2023-wimbledon-1403,Daniil Medvedev,Jiri Lehecka,01:20:27,2,6,106,1,0,0.5,0.3333333333333333,15,0,1,2,1,59,47,0,0,0,0,0,0,0,0,0,0,1,0,0,0,0,0,0,0,0,0,0,0.0044598679662188,2.458,1,0.4057971014492754,BC,NCTL,ND,0.13333333333333333,0.0,0.6363636363636365,0.3636363636363636,0.0032596273743278957,0.0,1.0,0.3901464713715046,0.0,0.25,0.0,0.16666666666666666,0.0,0.5789473684210527,0.6000000000000001,0.5808383233532934,0.061224489795918366,0.6666666666666666,0.5962314939434724,0.9650112866817155,1.0,0.0,0.9999999999999998,0.0,0.25,0.25
3177,4393,2023-wimbledon-1403,Daniil Medvedev,Jiri Lehecka,01:20:54,2,6,107,1,0,0.5,0.3333333333333333,30,0,1,1,1,60,47,0,0,0,0,1,0,B,0,0,0,0,0,0,0,0,0,0,0,0,0,0,0.0329542219631552,10.685,3,0.536231884057971,W,CTL,ND,0.2,0.0,0.7272727272727273,0.2727272727272727,0.023421167060916438,0.0,1.0,0.3901464713715046,0.0,0.25,0.0,0.16666666666666666,0.0,0.5789473684210527,0.6000000000000001,0.5808383233532934,0.061224489795918366,0.6666666666666666,0.5962314939434724,0.9650112866817155,1.0,0.0,0.0,0.9999999999999998,1.0,1.0
3178,4395,2023-wimbledon-1403,Daniil Medvedev,Jiri Lehecka,01:21:58,2,7,109,1,0,0.6666666666666666,0.3333333333333333,0,0,2,1,1,62,47,0,0,0,0,0,0,0,0,0,0,1,0,0,0,0,0,0,0,0,0,0,0.1508357169000528,17.12,6,0.5652173913043479,BW,NCTL,ND,0.06666666666666667,0.0,0.5454545454545455,0.4545454545454545,0.09622089764464699,0.0,1.0,0.388814913448735,0.0,0.25,0.0,0.16666666666666666,0.0,0.5789473684210527,0.6000000000000001,0.5808383233532934,0.061224489795918366,0.6666666666666666,0.5962314939434724,0.9650112866817155,0.0,1.0,0.9999999999999998,0.0,0.75,0.75
3179,4396,2023-wimbledon-1403,Daniil Medvedev,Jiri Lehecka,01:22:22,2,7,110,1,0,0.6666666666666666,0.3333333333333333,15,0,2,2,1,63,47,0,0,0,0,0,0,0,0,0,0,1,0,0,0,0,0,0,0,0,0,0,0.1097005517222682,23.198,6,0.3913043478260869,BC,NCTL,D,0.13333333333333333,0.0,0.6363636363636365,0.3636363636363636,0.07257408252258629,0.0,1.0,0.38748335552596536,0.0,0.25,0.0,0.16666666666666666,0.0,0.5789473684210527,0.6000000000000001,0.5808383233532934,0.061224489795918366,0.6666666666666666,0.5962314939434724,0.9650112866817155,0.0,1.0,0.9999999999999998,0.0,0.25,0.25
3180,4397,2023-wimbledon-1403,Daniil Medvedev,Jiri Lehecka,01:23:02,2,7,111,1,0,0.6666666666666666,0.3333333333333333,30,0,2,1,1,64,47,0,0,0,0,0,0,0,0,0,0,1,0,0,0,0,0,0,0,0,0,0,0.1955021757106643,32.825,6,0.7826086956521741,C,NCTL,D,0.2,0.0,0.7272727272727273,0.2727272727272727,0.12005486631707946,0.0,1.0,0.38615179760319573,0.0,0.25,0.0,0.16666666666666666,0.0,0.5789473684210527,0.6000000000000001,0.5808383233532934,0.061224489795918366,0.6666666666666666,0.5962314939434724,0.9650112866817155,0.0,1.0,0.9999999999999998,0.0,0.0,0.0
3181,4398,2023-wimbledon-1403,Daniil Medvedev,Jiri Lehecka,01:23:37,2,7,112,1,0,0.6666666666666666,0.3333333333333333,40,0,2,1,2,64,48,0,0,0,0,0,0,0,0,0,0,0,0,0,0,0,1,0,0,0,1,0,0.0458119264189565,9.515,1,0.6521739130434783,BC,CTL,D,0.2,0.07142857142857142,0.6363636363636365,0.3636363636363636,0.09028192920367607,0.04505396091657849,1.0,0.38615179760319573,0.0,0.25,0.0,0.16666666666666666,0.0,0.5789473684210527,0.6000000000000001,0.5808383233532934,0.061224489795918366,0.6666666666666666,0.5962314939434724,0.9650112866817155,0.0,1.0,0.0,0.9999999999999998,0.25,0.25
3182,4399,2023-wimbledon-1403,Daniil Medvedev,Jiri Lehecka,01:23:57,2,7,113,1,0,0.6666666666666666,0.3333333333333333,40,15,2,1,2,64,49,0,0,0,1,0,1,0,0,0,0,0,0,0,0,0,1,0,0,0,1,0,0.0186189320717374,5.02,1,0.5797101449275364,W,CTL,D,0.2,0.14285714285714285,0.5454545454545455,0.4545454545454545,0.02683808745735992,0.02405362681882672,1.0,0.38615179760319573,0.0,0.25,0.0,0.16666666666666666,0.0,0.5789473684210527,0.6000000000000001,0.5808383233532934,0.061224489795918366,0.6666666666666666,0.5962314939434724,0.9650112866817155,0.0,1.0,0.0,0.9999999999999998,1.0,1.0
3183,4400,2023-wimbledon-1403,Daniil Medvedev,Jiri Lehecka,01:24:17,2,7,114,1,0,0.6666666666666666,0.3333333333333333,40,30,2,2,2,64,50,0,0,0,0,0,0,0,0,0,1,0,0,1,0,1,1,0,0,0,1,0,0.0232482479090133,9.311,1,0.5217391304347827,BW,NCTL,ND,0.2,0.21428571428571427,0.4545454545454546,0.5454545454545454,0.02643667026775797,0.03477605094230316,0.8571428571428572,0.38615179760319573,0.0,0.25,0.0,0.16666666666666666,0.0,0.5789473684210527,0.6000000000000001,0.5808383233532934,0.061224489795918366,0.6666666666666666,0.5975773889636609,0.9662162162162162,0.0,1.0,0.9999999999999998,0.0,0.75,0.75
3184,4401,2023-wimbledon-1403,Daniil Medvedev,Jiri Lehecka,01:24:52,2,7,115,1,0,0.6666666666666666,0.3333333333333333,40,40,2,2,1,65,50,0,0,0,0,0,0,0,0,0,0,1,0,0,0,0,0,0,0,0,0,0,0.172911385541352,24.034,8,0.3913043478260869,BW,NCTL,ND,0.26666666666666666,0.21428571428571427,0.5454545454545455,0.4545454545454545,0.31109610973798896,0.11539394452859493,0.8571428571428572,0.384820239680426,0.0,0.25,0.0,0.16666666666666666,0.0,0.5789473684210527,0.6000000000000001,0.5808383233532934,0.061224489795918366,0.6666666666666666,0.5975773889636609,0.9662162162162162,0.0,1.0,0.9999999999999998,0.0,0.75,0.75
3185,4403,2023-wimbledon-1403,Daniil Medvedev,Jiri Lehecka,01:27:13,2,8,117,1,0,0.8333333333333333,0.3333333333333333,0,0,1,1,1,67,50,0,0,0,0,1,0,B,0,0,0,0,0,0,0,0,0,0,0,0,0,0,0.2740107633287694,40.848,13,0.7246376811594204,C,NCTL,D,0.06666666666666667,0.0,0.5454545454545455,0.4545454545454545,0.1578967059436765,0.0,1.0,0.384820239680426,0.0,0.25,0.0,0.16666666666666666,0.0,0.5789473684210527,0.6000000000000001,0.5808383233532934,0.061224489795918366,0.6666666666666666,0.5975773889636609,0.9662162162162162,1.0,0.0,0.9999999999999998,0.0,0.0,0.0
3186,4404,2023-wimbledon-1403,Daniil Medvedev,Jiri Lehecka,01:27:51,2,8,118,1,0,0.8333333333333333,0.3333333333333333,15,0,1,2,1,68,50,0,0,0,0,0,0,0,0,0,0,0,0,0,0,0,0,0,0,0,0,0,0.1649473356016754,27.601,9,0.2028985507246377,B,NCTL,ND,0.13333333333333333,0.0,0.6363636363636365,0.3636363636363636,0.10394833962867339,0.0,1.0,0.384820239680426,0.0,0.25,0.0,0.16666666666666666,0.0,0.5789473684210527,0.6000000000000001,0.5808383233532934,0.061224489795918366,0.6666666666666666,0.5975773889636609,0.9662162162162162,1.0,0.0,0.9999999999999998,0.0,0.0,0.0
3187,4406,2023-wimbledon-1403,Daniil Medvedev,Jiri Lehecka,01:28:49,2,8,120,1,0,0.8333333333333333,0.3333333333333333,40,0,1,2,2,69,51,0,0,0,0,0,1,F,0,0,0,0,1,0,0,0,0,0,0,0,0,0,0.1021906220770242,14.258,4,0.5797101449275364,C,NCTL,ND,0.13333333333333333,0.07142857142857142,0.5454545454545455,0.4545454545454545,0.1580453207391912,0.10979969270750851,1.0,0.384820239680426,0.0,0.25,0.0,0.16666666666666666,0.0,0.5789473684210527,0.6000000000000001,0.5808383233532934,0.08163265306122448,0.5,0.5975773889636609,0.9662162162162162,1.0,0.0,0.9999999999999998,0.0,0.0,0.0
3188,4407,2023-wimbledon-1403,Daniil Medvedev,Jiri Lehecka,01:29:25,2,8,121,1,0,0.8333333333333333,0.3333333333333333,40,15,1,2,2,69,52,0,0,0,0,0,0,0,0,0,1,0,0,0,0,0,0,0,0,0,0,0,0.0361127302796567,7.821,2,0.43478260869565233,B,NCTL,D,0.13333333333333333,0.14285714285714285,0.4545454545454546,0.5454545454545454,0.04055560181472746,0.05334876368393482,0.8571428571428572,0.384820239680426,0.0,0.25,0.0,0.16666666666666666,0.0,0.5789473684210527,0.6000000000000001,0.5808383233532934,0.08163265306122448,0.5,0.5975773889636609,0.9662162162162162,1.0,0.0,0.9999999999999998,0.0,0.0,0.0
3189,4408,2023-wimbledon-1403,Daniil Medvedev,Jiri Lehecka,01:29:54,2,8,122,1,0,0.8333333333333333,0.3333333333333333,40,30,1,1,1,70,52,1,1,0,0,0,0,0,0,0,0,1,0,0,0,0,0,0,0,0,0,0,0.2489189225826565,34.67,9,0.7246376811594204,C,NCTL,D,0.2,0.14285714285714285,0.5454545454545455,0.4545454545454545,0.43895850278943527,0.1442617224057454,0.8571428571428572,0.3834886817576564,0.0,0.25,0.5,0.20833333333333331,0.0,0.5789473684210527,0.6000000000000001,0.5808383233532934,0.08163265306122448,0.5,0.5975773889636609,0.9662162162162162,1.0,0.0,0.9999999999999998,0.0,0.0,0.0
